Date,IVVB11,Date,BOVA11
12/29/2016 16:56:00,75.96,12/29/2016 16:56:00,58.24
1/2/2017 16:56:00,78.64,1/2/2017 16:56:00,57.63
1/3/2017 16:56:00,76.25,1/3/2017 16:56:00,59.75
1/4/2017 16:56:00,75.94,1/4/2017 16:56:00,59.75
1/5/2017 16:56:00,75.26,1/5/2017 16:56:00,60.05
1/6/2017 16:56:00,76.3,1/6/2017 16:56:00,59.85
1/9/2017 16:56:00,75.44,1/9/2017 16:56:00,59.74
1/10/2017 16:56:00,75.24,1/10/2017 16:56:00,60.25
1/11/2017 16:56:00,75.29,1/11/2017 16:56:00,60.47
1/12/2017 16:56:00,75.1,1/12/2017 16:56:00,62
1/13/2017 16:56:00,75.84,1/13/2017 16:56:00,61.68
1/16/2017 16:56:00,76.93,1/16/2017 16:56:00,61.9
1/17/2017 16:56:00,75.51,1/17/2017 16:56:00,62.28
1/18/2017 16:56:00,75.81,1/18/2017 16:56:00,61.9
1/19/2017 16:56:00,75.25,1/19/2017 16:56:00,62.1
1/20/2017 16:56:00,74.8,1/20/2017 16:56:00,62.57
1/23/2017 16:56:00,74.33,1/23/2017 16:56:00,63.8
1/24/2017 16:56:00,75.03,1/24/2017 16:56:00,63.91
1/26/2017 16:56:00,75.8,1/26/2017 16:56:00,64.2
1/27/2017 16:56:00,74.81,1/27/2017 16:56:00,64.01
1/30/2017 16:56:00,73.92,1/30/2017 16:56:00,62.26
1/31/2017 16:56:00,74.36,1/31/2017 16:56:00,62.39
2/1/2017 16:56:00,74.04,2/1/2017 16:56:00,62.71
2/2/2017 16:56:00,73.83,2/2/2017 16:56:00,62.65
2/3/2017 16:56:00,74.44,2/3/2017 16:56:00,63.09
2/6/2017 16:56:00,74.23,2/6/2017 16:56:00,62.01
2/7/2017 16:56:00,74.37,2/7/2017 16:56:00,62.01
2/8/2017 16:56:00,74.31,2/8/2017 16:56:00,62.87
2/9/2017 16:56:00,75.11,2/9/2017 16:56:00,62.83
2/10/2017 16:56:00,74.9,2/10/2017 16:56:00,63.99
2/13/2017 16:56:00,75.21,2/13/2017 16:56:00,64.68
2/14/2017 16:56:00,74.82,2/14/2017 16:56:00,65.05
2/15/2017 16:56:00,74.68,2/15/2017 16:56:00,65.85
2/16/2017 16:56:00,75.27,2/16/2017 16:56:00,65.6
2/17/2017 16:56:00,75.5,2/17/2017 16:56:00,65.42
2/20/2017 16:56:00,75.99,2/20/2017 16:56:00,66.35
2/21/2017 16:56:00,76.25,2/21/2017 16:56:00,66.89
2/22/2017 16:56:00,75.28,2/22/2017 16:56:00,66.48
2/23/2017 16:56:00,75.2,2/23/2017 16:56:00,65.32
2/24/2017 16:56:00,76.45,2/24/2017 16:56:00,64.5
3/1/2017 16:56:00,77.15,3/1/2017 16:56:00,64.83
3/2/2017 16:56:00,78.19,3/2/2017 16:56:00,63.5
3/3/2017 16:56:00,77.4,3/3/2017 16:56:00,64.6
3/6/2017 16:56:00,77.69,3/6/2017 16:56:00,64.2
3/7/2017 16:56:00,76.7,3/7/2017 16:56:00,63.82
3/8/2017 16:56:00,78.04,3/8/2017 16:56:00,62.63
3/9/2017 16:56:00,78.76,3/9/2017 16:56:00,62.37
3/10/2017 16:56:00,77.65,3/10/2017 16:56:00,62.55
3/13/2017 16:56:00,77.83,3/13/2017 16:56:00,63.47
3/14/2017 16:56:00,78.16,3/14/2017 16:56:00,62.75
3/15/2017 16:56:00,77.4,3/15/2017 16:56:00,64.11
3/16/2017 16:56:00,77.3,3/16/2017 16:56:00,63.42
3/17/2017 16:56:00,76.95,3/17/2017 16:56:00,62.21
3/20/2017 16:56:00,76,3/20/2017 16:56:00,62.81
3/21/2017 16:56:00,75.4,3/21/2017 16:56:00,60.98
3/22/2017 16:56:00,75.83,3/22/2017 16:56:00,61.37
3/23/2017 16:56:00,76.6,3/23/2017 16:56:00,61.54
3/24/2017 16:56:00,76.4,3/24/2017 16:56:00,61.88
3/27/2017 16:56:00,76.2,3/27/2017 16:56:00,62.28
3/28/2017 16:56:00,77.1,3/28/2017 16:56:00,62.5
3/29/2017 16:56:00,76.6,3/29/2017 16:56:00,63.48
3/30/2017 16:56:00,77.4,3/30/2017 16:56:00,63.15
3/31/2017 16:56:00,76.5,3/31/2017 16:56:00,62.78
4/3/2017 16:56:00,76.46,4/3/2017 16:56:00,63.08
4/4/2017 16:56:00,76.09,4/4/2017 16:56:00,63.72
4/5/2017 16:56:00,76.3,4/5/2017 16:56:00,62.56
4/6/2017 16:56:00,77.15,4/6/2017 16:56:00,62
4/7/2017 16:56:00,77.29,4/7/2017 16:56:00,62.27
4/10/2017 16:56:00,77.09,4/10/2017 16:56:00,62.54
4/11/2017 16:56:00,77,4/11/2017 16:56:00,62.42
4/12/2017 16:56:00,76.6,4/12/2017 16:56:00,61.68
4/13/2017 16:56:00,76.36,4/13/2017 16:56:00,60.8
4/17/2017 16:56:00,75.97,4/17/2017 16:56:00,62.25
4/18/2017 16:56:00,76.05,4/18/2017 16:56:00,61.95
4/19/2017 16:56:00,76.72,4/19/2017 16:56:00,61.2
4/20/2017 16:56:00,77.35,4/20/2017 16:56:00,61.51
4/24/2017 16:56:00,77.4,4/24/2017 16:56:00,62.29
4/25/2017 16:56:00,78.43,4/25/2017 16:56:00,63
4/26/2017 16:56:00,78.83,4/26/2017 16:56:00,62.8
4/27/2017 16:56:00,79.22,4/27/2017 16:56:00,62.46
4/28/2017 16:56:00,78.9,4/28/2017 16:56:00,63.19
5/2/2017 16:56:00,78.43,5/2/2017 16:56:00,64.56
5/3/2017 16:56:00,78.61,5/3/2017 16:56:00,63.96
5/4/2017 16:56:00,79.3,5/4/2017 16:56:00,62.66
5/5/2017 16:56:00,79.29,5/5/2017 16:56:00,63.66
5/8/2017 16:56:00,79.75,5/8/2017 16:56:00,63.42
5/9/2017 16:56:00,79.59,5/9/2017 16:56:00,64.17
5/10/2017 16:56:00,79.08,5/10/2017 16:56:00,65.2
5/11/2017 16:56:00,78.56,5/11/2017 16:56:00,65.35
5/12/2017 16:56:00,77.81,5/12/2017 16:56:00,65.94
5/15/2017 16:56:00,77.82,5/15/2017 16:56:00,66.27
5/16/2017 16:56:00,77.55,5/16/2017 16:56:00,66.45
5/17/2017 16:56:00,76.9,5/17/2017 16:56:00,65.33
5/18/2017 16:56:00,83.5,5/18/2017 16:56:00,59.67
5/19/2017 16:56:00,80.7,5/19/2017 16:56:00,60.61
5/22/2017 16:56:00,81.51,5/22/2017 16:56:00,59.53
5/23/2017 16:56:00,81.65,5/23/2017 16:56:00,60.74
5/24/2017 16:56:00,82.42,5/24/2017 16:56:00,61.17
5/25/2017 16:56:00,82.44,5/25/2017 16:56:00,61.29
5/26/2017 16:56:00,82.36,5/26/2017 16:56:00,61.95
5/29/2017 16:56:00,84,5/29/2017 16:56:00,61.74
5/30/2017 16:56:00,82.11,5/30/2017 16:56:00,61.9
5/31/2017 16:56:00,81.36,5/31/2017 16:56:00,60.56
6/1/2017 16:56:00,82.25,6/1/2017 16:56:00,60.26
6/2/2017 16:56:00,82.67,6/2/2017 16:56:00,60.35
6/5/2017 16:56:00,83.65,6/5/2017 16:56:00,60.45
6/6/2017 16:56:00,83.13,6/6/2017 16:56:00,60.95
6/7/2017 16:56:00,83.11,6/7/2017 16:56:00,61.19
6/8/2017 16:56:00,82.85,6/8/2017 16:56:00,60.71
6/9/2017 16:56:00,83.45,6/9/2017 16:56:00,60.22
6/12/2017 16:56:00,83.91,6/12/2017 16:56:00,59.65
6/13/2017 16:56:00,84.22,6/13/2017 16:56:00,59.82
6/14/2017 16:56:00,83.51,6/14/2017 16:56:00,59.89
6/16/2017 16:56:00,83.59,6/16/2017 16:56:00,59.61
6/19/2017 16:56:00,84.3,6/19/2017 16:56:00,60.09
6/20/2017 16:56:00,84.85,6/20/2017 16:56:00,58.74
6/21/2017 16:56:00,84.83,6/21/2017 16:56:00,58.78
6/22/2017 16:56:00,84.9,6/22/2017 16:56:00,59.35
6/23/2017 16:56:00,84.95,6/23/2017 16:56:00,59.1
6/26/2017 16:56:00,84,6/26/2017 16:56:00,60.26
6/27/2017 16:56:00,83.7,6/27/2017 16:56:00,59.75
6/28/2017 16:56:00,83.67,6/28/2017 16:56:00,59.95
6/29/2017 16:56:00,83.47,6/29/2017 16:56:00,60.1
6/30/2017 16:56:00,83.9,6/30/2017 16:56:00,60.93
7/3/2017 16:56:00,85,7/3/2017 16:56:00,61.09
7/4/2017 16:56:00,86.49,7/4/2017 16:56:00,61.15
7/5/2017 16:56:00,83.61,7/5/2017 16:56:00,61.05
7/6/2017 16:56:00,83.06,7/6/2017 16:56:00,60.42
7/7/2017 16:56:00,83.15,7/7/2017 16:56:00,60.5
7/10/2017 16:56:00,82.55,7/10/2017 16:56:00,60.94
7/11/2017 16:56:00,82.29,7/11/2017 16:56:00,61.7
7/12/2017 16:56:00,81.93,7/12/2017 16:56:00,62.7
7/13/2017 16:56:00,81.9,7/13/2017 16:56:00,63.2
7/14/2017 16:56:00,81.66,7/14/2017 16:56:00,63.34
7/17/2017 16:56:00,81.75,7/17/2017 16:56:00,63.06
7/18/2017 16:56:00,81.1,7/18/2017 16:56:00,63.12
7/19/2017 16:56:00,81.36,7/19/2017 16:56:00,63.09
7/20/2017 16:56:00,80.94,7/20/2017 16:56:00,62.75
7/21/2017 16:56:00,81.14,7/21/2017 16:56:00,62.53
7/24/2017 16:56:00,81.3,7/24/2017 16:56:00,62.93
7/25/2017 16:56:00,81.89,7/25/2017 16:56:00,63.48
7/26/2017 16:56:00,81.4,7/26/2017 16:56:00,62.81
7/27/2017 16:56:00,81.4,7/27/2017 16:56:00,63.05
7/28/2017 16:56:00,80.96,7/28/2017 16:56:00,63.39
7/31/2017 16:56:00,80.55,7/31/2017 16:56:00,63.72
8/1/2017 16:56:00,80.86,8/1/2017 16:56:00,64.23
8/2/2017 16:56:00,80.77,8/2/2017 16:56:00,64.92
8/3/2017 16:56:00,80.5,8/3/2017 16:56:00,64.45
8/4/2017 16:56:00,80.94,8/4/2017 16:56:00,64.71
8/7/2017 16:56:00,80.92,8/7/2017 16:56:00,65.63
8/8/2017 16:56:00,80.98,8/8/2017 16:56:00,65.66
8/9/2017 16:56:00,81.53,8/9/2017 16:56:00,65.44
8/10/2017 16:56:00,80.95,8/10/2017 16:56:00,64.73
8/11/2017 16:56:00,81.1,8/11/2017 16:56:00,65.1
8/14/2017 16:56:00,82.24,8/14/2017 16:56:00,66.02
8/15/2017 16:56:00,81.85,8/15/2017 16:56:00,66.08
8/16/2017 16:56:00,81.27,8/16/2017 16:56:00,66.42
8/17/2017 16:56:00,80.81,8/17/2017 16:56:00,65.8
8/18/2017 16:56:00,79.8,8/18/2017 16:56:00,66.47
8/21/2017 16:56:00,80.52,8/21/2017 16:56:00,66.45
8/22/2017 16:56:00,81.38,8/22/2017 16:56:00,67.78
8/23/2017 16:56:00,80.3,8/23/2017 16:56:00,68.2
8/24/2017 16:56:00,80.4,8/24/2017 16:56:00,68.84
8/25/2017 16:56:00,80.74,8/25/2017 16:56:00,68.65
8/28/2017 16:56:00,80.9,8/28/2017 16:56:00,68.72
8/29/2017 16:56:00,81.08,8/29/2017 16:56:00,68.98
8/30/2017 16:56:00,81.35,8/30/2017 16:56:00,68.53
8/31/2017 16:56:00,81.35,8/31/2017 16:56:00,68.41
9/1/2017 16:56:00,81.59,9/1/2017 16:56:00,69.51
9/4/2017 16:56:00,81.65,9/4/2017 16:56:00,69.84
9/5/2017 16:56:00,80.22,9/5/2017 16:56:00,69.76
9/6/2017 16:56:00,80.25,9/6/2017 16:56:00,70.95
9/8/2017 16:56:00,79.87,9/8/2017 16:56:00,70.71
9/11/2017 16:56:00,80.83,9/11/2017 16:56:00,71.93
9/12/2017 16:56:00,81.83,9/12/2017 16:56:00,72.1
9/13/2017 16:56:00,81.93,9/13/2017 16:56:00,72.27
9/14/2017 16:56:00,81.4,9/14/2017 16:56:00,71.97
9/15/2017 16:56:00,81.55,9/15/2017 16:56:00,73.14
9/18/2017 16:56:00,82.18,9/18/2017 16:56:00,73.5
9/19/2017 16:56:00,82.24,9/19/2017 16:56:00,73.45
9/20/2017 16:56:00,82.32,9/20/2017 16:56:00,73.46
9/21/2017 16:56:00,82.21,9/21/2017 16:56:00,73.07
9/22/2017 16:56:00,81.86,9/22/2017 16:56:00,72.82
9/25/2017 16:56:00,82.46,9/25/2017 16:56:00,71.9
9/26/2017 16:56:00,82.68,9/26/2017 16:56:00,71.85
9/27/2017 16:56:00,83.75,9/27/2017 16:56:00,71.34
9/28/2017 16:56:00,83.5,9/28/2017 16:56:00,71.08
9/29/2017 16:56:00,83.45,9/29/2017 16:56:00,71.58
10/2/2017 16:56:00,83.53,10/2/2017 16:56:00,71.82
10/3/2017 16:56:00,83.36,10/3/2017 16:56:00,74.16
10/4/2017 16:56:00,83.06,10/4/2017 16:56:00,74.02
10/5/2017 16:56:00,84.09,10/5/2017 16:56:00,74.04
10/6/2017 16:56:00,84.1,10/6/2017 16:56:00,73.51
10/9/2017 16:56:00,84.79,10/9/2017 16:56:00,73.21
10/10/2017 16:56:00,84.88,10/10/2017 16:56:00,74.24
10/11/2017 16:56:00,84.69,10/11/2017 16:56:00,74.13
10/13/2017 16:56:00,84.1,10/13/2017 16:56:00,74.45
10/16/2017 16:56:00,84.81,10/16/2017 16:56:00,74.34
10/17/2017 16:56:00,84.6,10/17/2017 16:56:00,73.71
10/18/2017 16:56:00,85.06,10/18/2017 16:56:00,74.09
10/19/2017 16:56:00,84.95,10/19/2017 16:56:00,73.79
10/20/2017 16:56:00,86.02,10/20/2017 16:56:00,73.6
10/24/2017 16:56:00,87.25,10/24/2017 16:56:00,73.86
10/25/2017 16:56:00,86.51,10/25/2017 16:56:00,74.01
10/26/2017 16:56:00,88.26,10/26/2017 16:56:00,73.05
10/27/2017 16:56:00,87.33,10/27/2017 16:56:00,73.37
10/30/2017 16:56:00,88.25,10/30/2017 16:56:00,72.35
10/31/2017 16:56:00,88.06,10/31/2017 16:56:00,71.77
11/1/2017 16:56:00,88.1,11/1/2017 16:56:00,71.27
11/3/2017 16:56:00,89.65,11/3/2017 16:56:00,71.3
11/6/2017 16:56:00,88.35,11/6/2017 16:56:00,71.79
11/7/2017 16:56:00,88.8,11/7/2017 16:56:00,69.97
11/8/2017 16:56:00,88.38,11/8/2017 16:56:00,71.93
11/9/2017 16:56:00,87.8,11/9/2017 16:56:00,70.5
11/10/2017 16:56:00,88.95,11/10/2017 16:56:00,69.97
11/13/2017 16:56:00,88.65,11/13/2017 16:56:00,70.48
11/14/2017 16:56:00,89.55,11/14/2017 16:56:00,68.46
11/16/2017 16:56:00,88.95,11/16/2017 16:56:00,70.17
11/17/2017 16:56:00,88.35,11/17/2017 16:56:00,70.91
11/21/2017 16:56:00,88.73,11/21/2017 16:56:00,72
11/22/2017 16:56:00,87.89,11/22/2017 16:56:00,71.9
11/23/2017 16:56:00,88.93,11/23/2017 16:56:00,71.93
11/24/2017 16:56:00,88,11/24/2017 16:56:00,71.63
11/27/2017 16:56:00,88.1,11/27/2017 16:56:00,71.59
11/28/2017 16:56:00,88.49,11/28/2017 16:56:00,71.86
11/29/2017 16:56:00,89,11/29/2017 16:56:00,70.25
11/30/2017 16:56:00,90.5,11/30/2017 16:56:00,69.4
12/1/2017 16:56:00,90.11,12/1/2017 16:56:00,69.67
12/4/2017 16:56:00,90.15,12/4/2017 16:56:00,70.53
12/5/2017 16:56:00,89.6,12/5/2017 16:56:00,70
12/6/2017 16:56:00,89.45,12/6/2017 16:56:00,72.98
12/7/2017 16:56:00,91.11,12/7/2017 16:56:00,70
12/8/2017 16:56:00,91.47,12/8/2017 16:56:00,70.12
12/11/2017 16:56:00,92.12,12/11/2017 16:56:00,70.44
12/12/2017 16:56:00,92.85,12/12/2017 16:56:00,71.4
12/13/2017 16:56:00,92.99,12/13/2017 16:56:00,70.38
12/14/2017 16:56:00,93.02,12/14/2017 16:56:00,70
12/15/2017 16:56:00,92.95,12/15/2017 16:56:00,69.95
12/18/2017 16:56:00,93.05,12/18/2017 16:56:00,70.67
12/19/2017 16:56:00,92.55,12/19/2017 16:56:00,70.17
12/20/2017 16:56:00,92.66,12/20/2017 16:56:00,70.9
12/21/2017 16:56:00,93.27,12/21/2017 16:56:00,72.54
12/22/2017 16:56:00,93.95,12/22/2017 16:56:00,72.7
12/26/2017 16:56:00,93.05,12/26/2017 16:56:00,73.25
12/27/2017 16:56:00,93.28,12/27/2017 16:56:00,73.65
12/28/2017 16:56:00,93.55,12/28/2017 16:56:00,73.82
1/2/2018 16:56:00,92.12,1/2/2018 16:56:00,75.1
1/3/2018 16:56:00,92.1,1/3/2018 16:56:00,75.3
1/4/2018 16:56:00,92.42,1/4/2018 16:56:00,76
1/5/2018 16:56:00,92.8,1/5/2018 16:56:00,76.44
1/8/2018 16:56:00,93.36,1/8/2018 16:56:00,76.76
1/9/2018 16:56:00,93.95,1/9/2018 16:56:00,76.16
1/10/2018 16:56:00,93.28,1/10/2018 16:56:00,75.6
1/11/2018 16:56:00,93.25,1/11/2018 16:56:00,76.66
1/12/2018 16:56:00,93.7,1/12/2018 16:56:00,76.67
1/15/2018 16:56:00,95.11,1/15/2018 16:56:00,77.07
1/16/2018 16:56:00,94.09,1/16/2018 16:56:00,77.06
1/17/2018 16:56:00,94.95,1/17/2018 16:56:00,78.41
1/18/2018 16:56:00,94.5,1/18/2018 16:56:00,78.1
1/19/2018 16:56:00,94.18,1/19/2018 16:56:00,78.42
1/22/2018 16:56:00,95,1/22/2018 16:56:00,78.84
1/23/2018 16:56:00,96.53,1/23/2018 16:56:00,77.91
1/24/2018 16:56:00,93.8,1/24/2018 16:56:00,80.83
1/26/2018 16:56:00,94.69,1/26/2018 16:56:00,82.65
1/29/2018 16:56:00,94.83,1/29/2018 16:56:00,81.78
1/30/2018 16:56:00,94.27,1/30/2018 16:56:00,81.61
1/31/2018 16:56:00,94.3,1/31/2018 16:56:00,82
2/1/2018 16:56:00,93.91,2/1/2018 16:56:00,82.55
2/2/2018 16:56:00,93.91,2/2/2018 16:56:00,81.24
2/5/2018 16:56:00,91.6,2/5/2018 16:56:00,79.2
2/6/2018 16:56:00,91.5,2/6/2018 16:56:00,81.15
2/7/2018 16:56:00,92.6,2/7/2018 16:56:00,79.96
2/8/2018 16:56:00,90.61,2/8/2018 16:56:00,78.7
2/9/2018 16:56:00,89.3,2/9/2018 16:56:00,78.17
2/14/2018 16:56:00,91.3,2/14/2018 16:56:00,80.6
2/15/2018 16:56:00,92.6,2/15/2018 16:56:00,81.4
2/16/2018 16:56:00,92.95,2/16/2018 16:56:00,81.56
2/19/2018 16:56:00,93,2/19/2018 16:56:00,81.86
2/20/2018 16:56:00,92.8,2/20/2018 16:56:00,82.94
2/21/2018 16:56:00,92.67,2/21/2018 16:56:00,83.04
2/22/2018 16:56:00,92.4,2/22/2018 16:56:00,83.75
2/23/2018 16:56:00,93.45,2/23/2018 16:56:00,84.29
2/26/2018 16:56:00,94.2,2/26/2018 16:56:00,84.72
2/27/2018 16:56:00,93.7,2/27/2018 16:56:00,84.09
2/28/2018 16:56:00,92.6,2/28/2018 16:56:00,82.5
3/1/2018 16:56:00,91.6,3/1/2018 16:56:00,82.52
3/2/2018 16:56:00,92.15,3/2/2018 16:56:00,82.95
3/5/2018 16:56:00,92.73,3/5/2018 16:56:00,82.9
3/6/2018 16:56:00,92.19,3/6/2018 16:56:00,82.69
3/7/2018 16:56:00,92.97,3/7/2018 16:56:00,82.6
3/8/2018 16:56:00,94,3/8/2018 16:56:00,82.14
3/9/2018 16:56:00,95.35,3/9/2018 16:56:00,83.4
3/12/2018 16:56:00,95.34,3/12/2018 16:56:00,83.95
3/13/2018 16:56:00,94.87,3/13/2018 16:56:00,83.5
3/14/2018 16:56:00,94.35,3/14/2018 16:56:00,83.14
3/15/2018 16:56:00,95.15,3/15/2018 16:56:00,82.07
3/16/2018 16:56:00,94.79,3/16/2018 16:56:00,82.01
3/19/2018 16:56:00,93.84,3/19/2018 16:56:00,81.09
3/20/2018 16:56:00,94.67,3/20/2018 16:56:00,81.4
3/21/2018 16:56:00,93.45,3/21/2018 16:56:00,82.09
3/22/2018 16:56:00,91.75,3/22/2018 16:56:00,81.79
3/23/2018 16:56:00,89.88,3/23/2018 16:56:00,81.58
3/26/2018 16:56:00,92.25,3/26/2018 16:56:00,82.23
3/27/2018 16:56:00,91.28,3/27/2018 16:56:00,80.98
3/28/2018 16:56:00,91.1,3/28/2018 16:56:00,81.02
3/29/2018 16:56:00,91.66,3/29/2018 16:56:00,82.43
4/2/2018 16:56:00,89.96,4/2/2018 16:56:00,81.85
4/3/2018 16:56:00,91.6,4/3/2018 16:56:00,81.75
4/4/2018 16:56:00,92.75,4/4/2018 16:56:00,81.4
4/5/2018 16:56:00,93.5,4/5/2018 16:56:00,82.37
4/6/2018 16:56:00,92,4/6/2018 16:56:00,81.94
4/9/2018 16:56:00,93.94,4/9/2018 16:56:00,80.42
4/10/2018 16:56:00,95.3,4/10/2018 16:56:00,81.56
4/11/2018 16:56:00,94.09,4/11/2018 16:56:00,82.45
4/12/2018 16:56:00,95.48,4/12/2018 16:56:00,82.43
4/13/2018 16:56:00,95.7,4/13/2018 16:56:00,81.3
4/16/2018 16:56:00,96.12,4/16/2018 16:56:00,79.98
4/17/2018 16:56:00,97.14,4/17/2018 16:56:00,81.11
4/18/2018 16:56:00,96.35,4/18/2018 16:56:00,82.7
4/19/2018 16:56:00,96,4/19/2018 16:56:00,82.9
4/20/2018 16:56:00,95.9,4/20/2018 16:56:00,82.74
4/23/2018 16:56:00,96.89,4/23/2018 16:56:00,82.7
4/24/2018 16:56:00,96.12,4/24/2018 16:56:00,82.48
4/25/2018 16:56:00,96.82,4/25/2018 16:56:00,82.08
4/26/2018 16:56:00,97.55,4/26/2018 16:56:00,83.51
4/27/2018 16:56:00,97.2,4/27/2018 16:56:00,83.47
4/30/2018 16:56:00,97.6,4/30/2018 16:56:00,83.18
5/2/2018 16:56:00,98.5,5/2/2018 16:56:00,81.71
5/3/2018 16:56:00,97.45,5/3/2018 16:56:00,80.49
5/4/2018 16:56:00,98.65,5/4/2018 16:56:00,80.26
5/7/2018 16:56:00,99.89,5/7/2018 16:56:00,79.82
5/8/2018 16:56:00,100.43,5/8/2018 16:56:00,80.22
5/9/2018 16:56:00,102.1,5/9/2018 16:56:00,81.35
5/10/2018 16:56:00,101.72,5/10/2018 16:56:00,82.87
5/11/2018 16:56:00,103.5,5/11/2018 16:56:00,82.29
5/14/2018 16:56:00,104.2,5/14/2018 16:56:00,82.39
5/15/2018 16:56:00,104.64,5/15/2018 16:56:00,82.21
5/16/2018 16:56:00,105.5,5/16/2018 16:56:00,83.42
5/17/2018 16:56:00,106.15,5/17/2018 16:56:00,80.78
5/18/2018 16:56:00,106.85,5/18/2018 16:56:00,80.21
5/21/2018 16:56:00,106.1,5/21/2018 16:56:00,79.2
5/22/2018 16:56:00,104.55,5/22/2018 16:56:00,80
5/23/2018 16:56:00,104.3,5/23/2018 16:56:00,78.25
5/24/2018 16:56:00,104.86,5/24/2018 16:56:00,77.45
5/28/2018 16:56:00,107.25,5/28/2018 16:56:00,72.69
5/29/2018 16:56:00,107.32,5/29/2018 16:56:00,73.4
5/30/2018 16:56:00,107.37,5/30/2018 16:56:00,74.07
6/1/2018 16:56:00,108.7,6/1/2018 16:56:00,74.62
6/4/2018 16:56:00,108.39,6/4/2018 16:56:00,75.85
6/5/2018 16:56:00,110.31,6/5/2018 16:56:00,74.1
6/6/2018 16:56:00,113.25,6/6/2018 16:56:00,73.47
6/7/2018 16:56:00,114.6,6/7/2018 16:56:00,71.37
6/8/2018 16:56:00,108.72,6/8/2018 16:56:00,70.4
6/11/2018 16:56:00,109.11,6/11/2018 16:56:00,69.86
6/12/2018 16:56:00,109,6/12/2018 16:56:00,70.27
6/13/2018 16:56:00,108.81,6/13/2018 16:56:00,69.75
6/14/2018 16:56:00,112.05,6/14/2018 16:56:00,68.8
6/15/2018 16:56:00,109.35,6/15/2018 16:56:00,68.11
6/18/2018 16:56:00,110.22,6/18/2018 16:56:00,67.52
6/19/2018 16:56:00,109.2,6/19/2018 16:56:00,68.81
6/20/2018 16:56:00,110.6,6/20/2018 16:56:00,69.51
6/21/2018 16:56:00,109.22,6/21/2018 16:56:00,67.66
6/22/2018 16:56:00,110,6/22/2018 16:56:00,68.18
6/25/2018 16:56:00,108.5,6/25/2018 16:56:00,68.6
6/26/2018 16:56:00,109.03,6/26/2018 16:56:00,69
6/27/2018 16:56:00,110.2,6/27/2018 16:56:00,68
6/28/2018 16:56:00,110.54,6/28/2018 16:56:00,69.4
6/29/2018 16:56:00,111,6/29/2018 16:56:00,70.35
7/2/2018 16:56:00,112.35,7/2/2018 16:56:00,70.3
7/3/2018 16:56:00,113.5,7/3/2018 16:56:00,71.1
7/4/2018 16:56:00,112.04,7/4/2018 16:56:00,72.11
7/5/2018 16:56:00,113.55,7/5/2018 16:56:00,71.87
7/6/2018 16:56:00,112.7,7/6/2018 16:56:00,72.45
7/10/2018 16:56:00,111.85,7/10/2018 16:56:00,72.35
7/11/2018 16:56:00,113.3,7/11/2018 16:56:00,71.76
7/12/2018 16:56:00,114.71,7/12/2018 16:56:00,73.26
7/13/2018 16:56:00,113.7,7/13/2018 16:56:00,74.01
7/16/2018 16:56:00,114.2,7/16/2018 16:56:00,73.95
7/17/2018 16:56:00,114.02,7/17/2018 16:56:00,75.37
7/18/2018 16:56:00,114.15,7/18/2018 16:56:00,74.66
7/19/2018 16:56:00,113.65,7/19/2018 16:56:00,74.65
7/20/2018 16:56:00,111.85,7/20/2018 16:56:00,75.8
7/23/2018 16:56:00,111.75,7/23/2018 16:56:00,75.25
7/24/2018 16:56:00,111.65,7/24/2018 16:56:00,76.5
7/25/2018 16:56:00,111.35,7/25/2018 16:56:00,77.37
7/26/2018 16:56:00,111.8,7/26/2018 16:56:00,76.62
7/27/2018 16:56:00,110.4,7/27/2018 16:56:00,77.13
7/30/2018 16:56:00,110.5,7/30/2018 16:56:00,77.42
7/31/2018 16:56:00,111.58,7/31/2018 16:56:00,76.45
8/1/2018 16:56:00,111.75,8/1/2018 16:56:00,76.46
8/2/2018 16:56:00,112.29,8/2/2018 16:56:00,76.95
8/3/2018 16:56:00,111.2,8/3/2018 16:56:00,78.66
8/6/2018 16:56:00,112,8/6/2018 16:56:00,78.24
8/7/2018 16:56:00,113.4,8/7/2018 16:56:00,77.49
8/8/2018 16:56:00,113.45,8/8/2018 16:56:00,76.32
8/9/2018 16:56:00,114.7,8/9/2018 16:56:00,75.96
8/10/2018 16:56:00,115.4,8/10/2018 16:56:00,73.8
8/13/2018 16:56:00,115.8,8/13/2018 16:56:00,74.89
8/14/2018 16:56:00,115.8,8/14/2018 16:56:00,75.9
8/15/2018 16:56:00,115.95,8/15/2018 16:56:00,74.39
8/16/2018 16:56:00,117,8/16/2018 16:56:00,74.14
8/17/2018 16:56:00,117.8,8/17/2018 16:56:00,73.35
8/20/2018 16:56:00,119.42,8/20/2018 16:56:00,73.68
8/21/2018 16:56:00,122.05,8/21/2018 16:56:00,72.51
8/22/2018 16:56:00,122.61,8/22/2018 16:56:00,74.15
8/23/2018 16:56:00,124.35,8/23/2018 16:56:00,73.03
8/24/2018 16:56:00,124.6,8/24/2018 16:56:00,73.68
8/27/2018 16:56:00,124.85,8/27/2018 16:56:00,75.1
8/28/2018 16:56:00,126.12,8/28/2018 16:56:00,74.79
8/29/2018 16:56:00,126.7,8/29/2018 16:56:00,75.68
8/30/2018 16:56:00,127.15,8/30/2018 16:56:00,73.74
8/31/2018 16:56:00,125.2,8/31/2018 16:56:00,74.12
9/3/2018 16:56:00,130,9/3/2018 16:56:00,73.48
9/4/2018 16:56:00,127.16,9/4/2018 16:56:00,72.07
9/5/2018 16:56:00,126.35,9/5/2018 16:56:00,72.42
9/6/2018 16:56:00,124.8,9/6/2018 16:56:00,74.1
9/10/2018 16:56:00,124.75,9/10/2018 16:56:00,74
9/11/2018 16:56:00,126.85,9/11/2018 16:56:00,72.13
9/12/2018 16:56:00,126.7,9/12/2018 16:56:00,72.57
9/13/2018 16:56:00,128.15,9/13/2018 16:56:00,72.02
9/14/2018 16:56:00,128.35,9/14/2018 16:56:00,72.81
9/17/2018 16:56:00,126.2,9/17/2018 16:56:00,74.07
9/18/2018 16:56:00,127.33,9/18/2018 16:56:00,75.35
9/19/2018 16:56:00,127.5,9/19/2018 16:56:00,75.27
9/20/2018 16:56:00,126.45,9/20/2018 16:56:00,75.33
9/21/2018 16:56:00,125.55,9/21/2018 16:56:00,76.5
9/24/2018 16:56:00,126.35,9/24/2018 16:56:00,75.2
9/25/2018 16:56:00,125.51,9/25/2018 16:56:00,75.88
9/26/2018 16:56:00,123.7,9/26/2018 16:56:00,75.85
9/27/2018 16:56:00,122.85,9/27/2018 16:56:00,77.07
9/28/2018 16:56:00,124.1,9/28/2018 16:56:00,76.61
10/1/2018 16:56:00,124.16,10/1/2018 16:56:00,75.8
10/2/2018 16:56:00,121.4,10/2/2018 16:56:00,78.78
10/3/2018 16:56:00,120.2,10/3/2018 16:56:00,80.29
10/4/2018 16:56:00,119.54,10/4/2018 16:56:00,79.88
10/5/2018 16:56:00,117.72,10/5/2018 16:56:00,79.45
10/8/2018 16:56:00,115,10/8/2018 16:56:00,83.64
10/9/2018 16:56:00,113.6,10/9/2018 16:56:00,83
10/10/2018 16:56:00,111,10/10/2018 16:56:00,80.73
10/11/2018 16:56:00,109.12,10/11/2018 16:56:00,80.15
10/15/2018 16:56:00,109.1,10/15/2018 16:56:00,80.46
10/16/2018 16:56:00,110.75,10/16/2018 16:56:00,82.6
10/17/2018 16:56:00,109.45,10/17/2018 16:56:00,82.72
10/19/2018 16:56:00,108.56,10/19/2018 16:56:00,81.22
10/22/2018 16:56:00,107.45,10/22/2018 16:56:00,82.62
10/23/2018 16:56:00,107.2,10/23/2018 16:56:00,82.29
10/24/2018 16:56:00,105.35,10/24/2018 16:56:00,80.15
10/25/2018 16:56:00,106.2,10/25/2018 16:56:00,81.03
10/26/2018 16:56:00,103,10/26/2018 16:56:00,82.71
10/29/2018 16:56:00,104.05,10/29/2018 16:56:00,80.81
10/30/2018 16:56:00,104.9,10/30/2018 16:56:00,83.76
10/31/2018 16:56:00,106.95,10/31/2018 16:56:00,84.08
11/1/2018 16:56:00,107.19,11/1/2018 16:56:00,85.25
11/5/2018 16:56:00,108.4,11/5/2018 16:56:00,86.1
11/6/2018 16:56:00,109,11/6/2018 16:56:00,85.28
11/7/2018 16:56:00,111.8,11/7/2018 16:56:00,84.59
11/8/2018 16:56:00,110.9,11/8/2018 16:56:00,82.6
11/9/2018 16:56:00,109.25,11/9/2018 16:56:00,82.52
11/12/2018 16:56:00,109.3,11/12/2018 16:56:00,82.35
11/13/2018 16:56:00,110.2,11/13/2018 16:56:00,81.64
11/14/2018 16:56:00,109.08,11/14/2018 16:56:00,82.65
11/16/2018 16:56:00,108.52,11/16/2018 16:56:00,85.3
11/19/2018 16:56:00,107.75,11/19/2018 16:56:00,84.3
11/21/2018 16:56:00,107.1,11/21/2018 16:56:00,84.28
11/22/2018 16:56:00,107.3,11/22/2018 16:56:00,84.3
11/23/2018 16:56:00,106,11/23/2018 16:56:00,83.03
11/26/2018 16:56:00,111.14,11/26/2018 16:56:00,82.34
11/27/2018 16:56:00,110.05,11/27/2018 16:56:00,84.49
11/28/2018 16:56:00,111.5,11/28/2018 16:56:00,86
11/29/2018 16:56:00,112.49,11/29/2018 16:56:00,86.38
11/30/2018 16:56:00,112.9,11/30/2018 16:56:00,86.37
12/3/2018 16:56:00,113.42,12/3/2018 16:56:00,86.49
12/4/2018 16:56:00,110.9,12/4/2018 16:56:00,85.23
12/5/2018 16:56:00,112,12/5/2018 16:56:00,86.03
12/6/2018 16:56:00,109.85,12/6/2018 16:56:00,85.54
12/7/2018 16:56:00,109.15,12/7/2018 16:56:00,84.93
12/10/2018 16:56:00,109.55,12/10/2018 16:56:00,82.86
12/11/2018 16:56:00,109.55,12/11/2018 16:56:00,83.5
12/12/2018 16:56:00,109.2,12/12/2018 16:56:00,83.9
12/13/2018 16:56:00,109.12,12/13/2018 16:56:00,84.28
12/14/2018 16:56:00,108.35,12/14/2018 16:56:00,84.21
12/17/2018 16:56:00,105.67,12/17/2018 16:56:00,83.24
12/18/2018 16:56:00,105.45,12/18/2018 16:56:00,83.5
12/19/2018 16:56:00,104.15,12/19/2018 16:56:00,82.5
12/20/2018 16:56:00,101,12/20/2018 16:56:00,82.42
12/21/2018 16:56:00,100.65,12/21/2018 16:56:00,82.44
12/26/2018 16:56:00,100.5,12/26/2018 16:56:00,82.14
12/27/2018 16:56:00,99.65,12/27/2018 16:56:00,82.65
12/28/2018 16:56:00,102.7,12/28/2018 16:56:00,84.6
1/2/2019 16:56:00,100.52,1/2/2019 16:56:00,87.9
1/3/2019 16:56:00,97.99,1/3/2019 16:56:00,88
1/4/2019 16:56:00,99.7,1/4/2019 16:56:00,88.5
1/7/2019 16:56:00,101.15,1/7/2019 16:56:00,88.48
1/8/2019 16:56:00,101.2,1/8/2019 16:56:00,88.83
1/9/2019 16:56:00,101.26,1/9/2019 16:56:00,90.32
1/10/2019 16:56:00,102.01,1/10/2019 16:56:00,90.42
1/11/2019 16:56:00,102,1/11/2019 16:56:00,90.38
1/14/2019 16:56:00,101.8,1/14/2019 16:56:00,91.21
1/15/2019 16:56:00,103,1/15/2019 16:56:00,90.61
1/16/2019 16:56:00,104.15,1/16/2019 16:56:00,91.15
1/17/2019 16:56:00,104.53,1/17/2019 16:56:00,91.97
1/18/2019 16:56:00,105.96,1/18/2019 16:56:00,92.61
1/21/2019 16:56:00,105.7,1/21/2019 16:56:00,92.64
1/22/2019 16:56:00,105.45,1/22/2019 16:56:00,91.4
1/23/2019 16:56:00,104.85,1/23/2019 16:56:00,93.1
1/24/2019 16:56:00,105.84,1/24/2019 16:56:00,94.17
1/28/2019 16:56:00,105.52,1/28/2019 16:56:00,92.08
1/29/2019 16:56:00,104.09,1/29/2019 16:56:00,92.19
1/30/2019 16:56:00,104.75,1/30/2019 16:56:00,93.52
1/31/2019 16:56:00,104.52,1/31/2019 16:56:00,94
2/1/2019 16:56:00,104.9,2/1/2019 16:56:00,94.36
2/4/2019 16:56:00,105.68,2/4/2019 16:56:00,95.03
2/5/2019 16:56:00,106.47,2/5/2019 16:56:00,94.8
2/6/2019 16:56:00,107.24,2/6/2019 16:56:00,91.27
2/7/2019 16:56:00,106.57,2/7/2019 16:56:00,91
2/8/2019 16:56:00,106.8,2/8/2019 16:56:00,91.7
2/11/2019 16:56:00,107.9,2/11/2019 16:56:00,90.99
2/12/2019 16:56:00,108.59,2/12/2019 16:56:00,92.45
2/13/2019 16:56:00,110.09,2/13/2019 16:56:00,92.6
2/14/2019 16:56:00,108.92,2/14/2019 16:56:00,94.34
2/15/2019 16:56:00,108.9,2/15/2019 16:56:00,94.04
2/19/2019 16:56:00,109.74,2/19/2019 16:56:00,93.78
2/20/2019 16:56:00,110.25,2/20/2019 16:56:00,93.17
2/21/2019 16:56:00,111.18,2/21/2019 16:56:00,93.58
2/22/2019 16:56:00,110.99,2/22/2019 16:56:00,94.44
2/25/2019 16:56:00,111.42,2/25/2019 16:56:00,93.77
2/26/2019 16:56:00,111.45,2/26/2019 16:56:00,94.12
2/27/2019 16:56:00,110.79,2/27/2019 16:56:00,93.84
2/28/2019 16:56:00,111.25,2/28/2019 16:56:00,91.85
3/1/2019 16:56:00,112.46,3/1/2019 16:56:00,91.08
3/6/2019 16:56:00,112.85,3/6/2019 16:56:00,90.76
3/7/2019 16:56:00,113.16,3/7/2019 16:56:00,91.05
3/8/2019 16:56:00,112.88,3/8/2019 16:56:00,91.85
3/11/2019 16:56:00,113.94,3/11/2019 16:56:00,94.55
3/12/2019 16:56:00,113.47,3/12/2019 16:56:00,94.4
3/13/2019 16:56:00,114,3/13/2019 16:56:00,95.31
3/14/2019 16:56:00,114.99,3/14/2019 16:56:00,94.95
3/15/2019 16:56:00,114.52,3/15/2019 16:56:00,95.53
3/18/2019 16:56:00,114.45,3/18/2019 16:56:00,96.38
3/19/2019 16:56:00,114.25,3/19/2019 16:56:00,96.06
3/20/2019 16:56:00,112.44,3/20/2019 16:56:00,94.35
3/21/2019 16:56:00,115.26,3/21/2019 16:56:00,93.01
3/22/2019 16:56:00,116.31,3/22/2019 16:56:00,90.25
3/25/2019 16:56:00,114.89,3/25/2019 16:56:00,90.35
3/26/2019 16:56:00,116.08,3/26/2019 16:56:00,91.91
3/27/2019 16:56:00,117.87,3/27/2019 16:56:00,88.1
3/28/2019 16:56:00,116.87,3/28/2019 16:56:00,91.02
3/29/2019 16:56:00,118.15,3/29/2019 16:56:00,91.81
4/1/2019 16:56:00,118.18,4/1/2019 16:56:00,92.35
4/2/2019 16:56:00,117.95,4/2/2019 16:56:00,91.83
4/3/2019 16:56:00,118.65,4/3/2019 16:56:00,91.16
4/4/2019 16:56:00,117.95,4/4/2019 16:56:00,92.87
4/5/2019 16:56:00,118.99,4/5/2019 16:56:00,93.56
4/8/2019 16:56:00,118.42,4/8/2019 16:56:00,93.78
4/9/2019 16:56:00,118,4/9/2019 16:56:00,92.7
4/10/2019 16:56:00,117.45,4/10/2019 16:56:00,92.49
4/11/2019 16:56:00,118.55,4/11/2019 16:56:00,91.38
4/12/2019 16:56:00,120.8,4/12/2019 16:56:00,89.51
4/15/2019 16:56:00,119.6,4/15/2019 16:56:00,89.81
4/16/2019 16:56:00,120.69,4/16/2019 16:56:00,91
4/17/2019 16:56:00,121.65,4/17/2019 16:56:00,90
4/18/2019 16:56:00,121.85,4/18/2019 16:56:00,91.16
4/22/2019 16:56:00,121.82,4/22/2019 16:56:00,91.2
4/23/2019 16:56:00,122.4,4/23/2019 16:56:00,92.37
4/24/2019 16:56:00,124,4/24/2019 16:56:00,91.6
4/25/2019 16:56:00,123.88,4/25/2019 16:56:00,92.9
4/26/2019 16:56:00,122.68,4/26/2019 16:56:00,92.63
4/29/2019 16:56:00,123.8,4/29/2019 16:56:00,92.72
4/30/2019 16:56:00,122.85,4/30/2019 16:56:00,92.88
5/2/2019 16:56:00,122.69,5/2/2019 16:56:00,92.16
5/3/2019 16:56:00,123.35,5/3/2019 16:56:00,92.6
5/6/2019 16:56:00,123.24,5/6/2019 16:56:00,91.61
5/7/2019 16:56:00,122,5/7/2019 16:56:00,90.98
5/8/2019 16:56:00,120.7,5/8/2019 16:56:00,92.11
5/9/2019 16:56:00,120.93,5/9/2019 16:56:00,91.37
5/10/2019 16:56:00,121.18,5/10/2019 16:56:00,90.8
5/13/2019 16:56:00,119.01,5/13/2019 16:56:00,88.31
5/14/2019 16:56:00,120.07,5/14/2019 16:56:00,88.76
5/15/2019 16:56:00,121,5/15/2019 16:56:00,87.87
5/16/2019 16:56:00,123.59,5/16/2019 16:56:00,86.56
5/17/2019 16:56:00,125.91,5/17/2019 16:56:00,86.74
5/20/2019 16:56:00,123.9,5/20/2019 16:56:00,88.83
5/21/2019 16:56:00,123.3,5/21/2019 16:56:00,91.19
5/22/2019 16:56:00,123.3,5/22/2019 16:56:00,90.96
5/23/2019 16:56:00,121.74,5/23/2019 16:56:00,90.43
5/24/2019 16:56:00,121.29,5/24/2019 16:56:00,90.25
5/27/2019 16:56:00,121.5,5/27/2019 16:56:00,91.5
5/28/2019 16:56:00,120.5,5/28/2019 16:56:00,92.85
5/29/2019 16:56:00,117.77,5/29/2019 16:56:00,93.06
5/30/2019 16:56:00,118.25,5/30/2019 16:56:00,93.96
5/31/2019 16:56:00,115.05,5/31/2019 16:56:00,93.59
6/3/2019 16:56:00,113.58,6/3/2019 16:56:00,93.48
6/4/2019 16:56:00,115.1,6/4/2019 16:56:00,93.8
6/5/2019 16:56:00,117.38,6/5/2019 16:56:00,92.64
6/6/2019 16:56:00,117.8,6/6/2019 16:56:00,93.69
6/7/2019 16:56:00,118.78,6/7/2019 16:56:00,94.22
6/10/2019 16:56:00,119.61,6/10/2019 16:56:00,93.85
6/11/2019 16:56:00,118.76,6/11/2019 16:56:00,95.42
6/12/2019 16:56:00,118.65,6/12/2019 16:56:00,94.66
6/13/2019 16:56:00,118.91,6/13/2019 16:56:00,95.14
6/14/2019 16:56:00,120.09,6/14/2019 16:56:00,94.51
6/17/2019 16:56:00,120.09,6/17/2019 16:56:00,94.25
6/18/2019 16:56:00,120.15,6/18/2019 16:56:00,95.77
6/19/2019 16:56:00,120.09,6/19/2019 16:56:00,96.63
6/21/2019 16:56:00,119.77,6/21/2019 16:56:00,98.22
6/24/2019 16:56:00,120.21,6/24/2019 16:56:00,98.31
6/25/2019 16:56:00,119.7,6/25/2019 16:56:00,96.36
6/26/2019 16:56:00,119.05,6/26/2019 16:56:00,96.85
6/27/2019 16:56:00,119.29,6/27/2019 16:56:00,97.07
6/28/2019 16:56:00,119.7,6/28/2019 16:56:00,97.11
7/1/2019 16:56:00,121.62,7/1/2019 16:56:00,97.45
7/2/2019 16:56:00,122.25,7/2/2019 16:56:00,96.77
7/3/2019 16:56:00,121.07,7/3/2019 16:56:00,98.32
7/4/2019 16:56:00,122.8,7/4/2019 16:56:00,100
7/5/2019 16:56:00,122.5,7/5/2019 16:56:00,100.27
7/8/2019 16:56:00,121.8,7/8/2019 16:56:00,100.56
7/10/2019 16:56:00,120.5,7/10/2019 16:56:00,101.96
7/11/2019 16:56:00,119.82,7/11/2019 16:56:00,101.21
7/12/2019 16:56:00,120.05,7/12/2019 16:56:00,100.05
7/15/2019 16:56:00,120.75,7/15/2019 16:56:00,100.04
7/16/2019 16:56:00,120.39,7/16/2019 16:56:00,99.9
7/17/2019 16:56:00,119.75,7/17/2019 16:56:00,100.01
7/18/2019 16:56:00,119.01,7/18/2019 16:56:00,100.7
7/19/2019 16:56:00,119.1,7/19/2019 16:56:00,99.6
7/22/2019 16:56:00,118.99,7/22/2019 16:56:00,100
7/23/2019 16:56:00,121.1,7/23/2019 16:56:00,100.1
7/24/2019 16:56:00,121.32,7/24/2019 16:56:00,100.39
7/25/2019 16:56:00,121.25,7/25/2019 16:56:00,98.8
7/26/2019 16:56:00,121.8,7/26/2019 16:56:00,99.15
7/29/2019 16:56:00,121.9,7/29/2019 16:56:00,99.56
7/30/2019 16:56:00,120.6,7/30/2019 16:56:00,99.12
7/31/2019 16:56:00,121.11,7/31/2019 16:56:00,97.98
8/1/2019 16:56:00,122.05,8/1/2019 16:56:00,98.43
8/2/2019 16:56:00,121.9,8/2/2019 16:56:00,98.78
8/5/2019 16:56:00,119.99,8/5/2019 16:56:00,96.47
8/6/2019 16:56:00,121.89,8/6/2019 16:56:00,98.44
8/7/2019 16:56:00,122.45,8/7/2019 16:56:00,99.05
8/8/2019 16:56:00,123.32,8/8/2019 16:56:00,100.36
8/9/2019 16:56:00,122.99,8/9/2019 16:56:00,100.24
8/12/2019 16:56:00,122.67,8/12/2019 16:56:00,98.16
8/13/2019 16:56:00,124.23,8/13/2019 16:56:00,99.52
8/14/2019 16:56:00,122.7,8/14/2019 16:56:00,96.65
8/15/2019 16:56:00,121.52,8/15/2019 16:56:00,95.38
8/16/2019 16:56:00,123.8,8/16/2019 16:56:00,96.15
8/19/2019 16:56:00,127.11,8/19/2019 16:56:00,95.77
8/20/2019 16:56:00,125.89,8/20/2019 16:56:00,95.54
8/21/2019 16:56:00,127.5,8/21/2019 16:56:00,97.53
8/22/2019 16:56:00,127.5,8/22/2019 16:56:00,96.35
8/23/2019 16:56:00,125.63,8/23/2019 16:56:00,94.02
8/26/2019 16:56:00,127.62,8/26/2019 16:56:00,92.65
8/27/2019 16:56:00,127.25,8/27/2019 16:56:00,93.65
8/28/2019 16:56:00,126.52,8/28/2019 16:56:00,94.58
8/29/2019 16:56:00,130.5,8/29/2019 16:56:00,96.86
8/30/2019 16:56:00,129.08,8/30/2019 16:56:00,97.61
9/2/2019 16:56:00,129.55,9/2/2019 16:56:00,96.76
9/3/2019 16:56:00,130.08,9/3/2019 16:56:00,95.9
9/4/2019 16:56:00,129.27,9/4/2019 16:56:00,97.37
9/5/2019 16:56:00,131.02,9/5/2019 16:56:00,98.44
9/6/2019 16:56:00,129.99,9/6/2019 16:56:00,99.13
9/9/2019 16:56:00,130.91,9/9/2019 16:56:00,99.33
9/10/2019 16:56:00,130.27,9/10/2019 16:56:00,99.19
9/11/2019 16:56:00,130.5,9/11/2019 16:56:00,99.75
9/12/2019 16:56:00,130.98,9/12/2019 16:56:00,100.36
9/13/2019 16:56:00,131.5,9/13/2019 16:56:00,99.58
9/16/2019 16:56:00,131.31,9/16/2019 16:56:00,99.8
9/17/2019 16:56:00,131.21,9/17/2019 16:56:00,100.76
9/18/2019 16:56:00,131.71,9/18/2019 16:56:00,100.63
9/19/2019 16:56:00,133.82,9/19/2019 16:56:00,100.44
9/20/2019 16:56:00,133.08,9/20/2019 16:56:00,100.76
9/23/2019 16:56:00,133.25,9/23/2019 16:56:00,100.78
9/24/2019 16:56:00,132.23,9/24/2019 16:56:00,100
9/25/2019 16:56:00,131.1,9/25/2019 16:56:00,100.45
9/26/2019 16:56:00,132.75,9/26/2019 16:56:00,101.43
9/27/2019 16:56:00,131.52,9/27/2019 16:56:00,101.24
9/30/2019 16:56:00,132.32,9/30/2019 16:56:00,101.01
10/1/2019 16:56:00,130.85,10/1/2019 16:56:00,100.06
10/2/2019 16:56:00,127.71,10/2/2019 16:56:00,97.15
10/3/2019 16:56:00,126.25,10/3/2019 16:56:00,97.72
10/4/2019 16:56:00,127.8,10/4/2019 16:56:00,98.69
10/7/2019 16:56:00,128.59,10/7/2019 16:56:00,96.8
10/8/2019 16:56:00,126.03,10/8/2019 16:56:00,96.15
10/9/2019 16:56:00,128.18,10/9/2019 16:56:00,97.5
10/10/2019 16:56:00,129.89,10/10/2019 16:56:00,98.08
10/11/2019 16:56:00,130.13,10/11/2019 16:56:00,99.97
10/14/2019 16:56:00,130.7,10/14/2019 16:56:00,100.35
10/15/2019 16:56:00,133.65,10/15/2019 16:56:00,100.58
10/16/2019 16:56:00,132.54,10/16/2019 16:56:00,101.4
10/17/2019 16:56:00,133.15,10/17/2019 16:56:00,101.05
10/18/2019 16:56:00,131.4,10/18/2019 16:56:00,100.75
10/21/2019 16:56:00,132.9,10/21/2019 16:56:00,102
10/22/2019 16:56:00,130.65,10/22/2019 16:56:00,103.24
10/23/2019 16:56:00,129.65,10/23/2019 16:56:00,103.4
10/24/2019 16:56:00,129.9,10/24/2019 16:56:00,103
10/25/2019 16:56:00,129.72,10/25/2019 16:56:00,103.37
10/28/2019 16:56:00,129.6,10/28/2019 16:56:00,103.95
10/29/2019 16:56:00,129.82,10/29/2019 16:56:00,103.5
10/30/2019 16:56:00,129.99,10/30/2019 16:56:00,104.29
10/31/2019 16:56:00,130,10/31/2019 16:56:00,103.23
11/1/2019 16:56:00,129.93,11/1/2019 16:56:00,104.27
11/4/2019 16:56:00,132.15,11/4/2019 16:56:00,104.63
11/5/2019 16:56:00,131.15,11/5/2019 16:56:00,104.67
11/6/2019 16:56:00,133.85,11/6/2019 16:56:00,104.35
11/7/2019 16:56:00,135.6,11/7/2019 16:56:00,105.31
11/8/2019 16:56:00,137.51,11/8/2019 16:56:00,103.4
11/11/2019 16:56:00,137.17,11/11/2019 16:56:00,104.24
11/12/2019 16:56:00,137.92,11/12/2019 16:56:00,102.45
11/13/2019 16:56:00,138.53,11/13/2019 16:56:00,102.37
11/14/2019 16:56:00,139.06,11/14/2019 16:56:00,102.55
11/18/2019 16:56:00,140.9,11/18/2019 16:56:00,102
11/19/2019 16:56:00,140.49,11/19/2019 16:56:00,101.96
11/21/2019 16:56:00,139.75,11/21/2019 16:56:00,103.5
11/22/2019 16:56:00,139.85,11/22/2019 16:56:00,104.6
11/25/2019 16:56:00,141.95,11/25/2019 16:56:00,104.25
11/26/2019 16:56:00,142.93,11/26/2019 16:56:00,103.44
11/27/2019 16:56:00,143.95,11/27/2019 16:56:00,103.68
11/28/2019 16:56:00,142.99,11/28/2019 16:56:00,104.38
11/29/2019 16:56:00,143.6,11/29/2019 16:56:00,104.35
12/2/2019 16:56:00,141,12/2/2019 16:56:00,104.81
12/3/2019 16:56:00,139.53,12/3/2019 16:56:00,105
12/4/2019 16:56:00,140.37,12/4/2019 16:56:00,106.1
12/5/2019 16:56:00,140,12/5/2019 16:56:00,106.44
12/6/2019 16:56:00,139.73,12/6/2019 16:56:00,106.93
12/9/2019 16:56:00,139.45,12/9/2019 16:56:00,106.77
12/10/2019 16:56:00,139.37,12/10/2019 16:56:00,106.58
12/11/2019 16:56:00,138.8,12/11/2019 16:56:00,106.75
12/12/2019 16:56:00,138.91,12/12/2019 16:56:00,107.85
12/13/2019 16:56:00,139.72,12/13/2019 16:56:00,108.31
12/16/2019 16:56:00,138.51,12/16/2019 16:56:00,107.72
12/17/2019 16:56:00,139.2,12/17/2019 16:56:00,108.41
12/18/2019 16:56:00,139,12/18/2019 16:56:00,110.16
12/19/2019 16:56:00,138.2,12/19/2019 16:56:00,110.82
12/20/2019 16:56:00,141.35,12/20/2019 16:56:00,110.84
12/23/2019 16:56:00,141.55,12/23/2019 16:56:00,111.67
12/26/2019 16:56:00,140.4,12/26/2019 16:56:00,112.81
12/27/2019 16:56:00,140.35,12/27/2019 16:56:00,112.17
12/30/2019 16:56:00,138.71,12/30/2019 16:56:00,111.23
1/2/2020 16:56:00,140.6,1/2/2020 16:56:00,114.24
1/3/2020 17:50:00,140.7,1/3/2020 17:50:00,113.8
1/7/2020 16:56:00,141.3,1/7/2020 16:56:00,112.24
1/8/2020 16:56:00,141.55,1/8/2020 16:56:00,111.95
1/9/2020 16:56:00,143.4,1/9/2020 16:56:00,111.66
1/10/2020 16:56:00,143.35,1/10/2020 16:56:00,111.28
1/13/2020 16:56:00,146.05,1/13/2020 16:56:00,113.08
1/14/2020 16:56:00,145.44,1/14/2020 16:56:00,113.32
1/15/2020 16:56:00,147.5,1/15/2020 16:56:00,112.18
1/16/2020 16:56:00,148.86,1/16/2020 16:56:00,112.35
1/17/2020 16:56:00,148.55,1/17/2020 16:56:00,114.1
1/21/2020 16:56:00,150.03,1/21/2020 16:56:00,112.65
1/22/2020 16:56:00,148.99,1/22/2020 16:56:00,114.1
1/23/2020 16:56:00,148.75,1/23/2020 16:56:00,115.21
1/24/2020 16:56:00,147.82,1/24/2020 16:56:00,114
1/27/2020 16:56:00,146.06,1/27/2020 16:56:00,110.29
1/28/2020 16:56:00,147,1/28/2020 16:56:00,112.3
1/29/2020 16:56:00,149,1/29/2020 16:56:00,110.88
1/30/2020 16:56:00,149.89,1/30/2020 16:56:00,111.19
1/31/2020 16:56:00,148.1,1/31/2020 16:56:00,108.9
2/3/2020 16:56:00,147.97,2/3/2020 16:56:00,110.42
2/4/2020 16:56:00,150.6,2/4/2020 16:56:00,111.21
2/5/2020 16:56:00,151.5,2/5/2020 16:56:00,111.77
2/6/2020 16:56:00,153.5,2/6/2020 16:56:00,110.95
2/7/2020 16:56:00,153.9,2/7/2020 16:56:00,109.35
2/10/2020 16:56:00,155.6,2/10/2020 16:56:00,108.79
2/11/2020 16:56:00,156.15,2/11/2020 16:56:00,111.3
2/12/2020 16:56:00,157.5,2/12/2020 16:56:00,112.45
2/13/2020 16:56:00,157.7,2/13/2020 16:56:00,110.9
2/14/2020 16:56:00,155.67,2/14/2020 16:56:00,110.08
2/17/2020 16:56:00,158.98,2/17/2020 16:56:00,110.8
2/18/2020 16:56:00,157.76,2/18/2020 16:56:00,111.14
2/19/2020 16:56:00,158.65,2/19/2020 16:56:00,112.08
2/20/2020 16:56:00,158.9,2/20/2020 16:56:00,110.2
2/21/2020 16:56:00,157.25,2/21/2020 16:56:00,109.45
2/26/2020 16:56:00,148.02,2/26/2020 16:56:00,101.9
2/27/2020 16:56:00,143.75,2/27/2020 16:56:00,99.2
2/28/2020 16:56:00,141.56,2/28/2020 16:56:00,100.6
3/2/2020 16:56:00,148.63,3/2/2020 16:56:00,102.99
3/3/2020 16:56:00,145.4,3/3/2020 16:56:00,101.75
3/4/2020 16:56:00,154,3/4/2020 16:56:00,103.1
3/5/2020 16:56:00,150.05,3/5/2020 16:56:00,98.79
3/6/2020 16:56:00,147.72,3/6/2020 16:56:00,94.4
3/9/2020 16:56:00,138.8,3/9/2020 16:56:00,82.7
3/10/2020 16:56:00,144,3/10/2020 16:56:00,88.63
3/11/2020 16:56:00,139.15,3/11/2020 16:56:00,82.06
3/12/2020 16:56:00,127,3/12/2020 16:56:00,70.1
3/13/2020 16:56:00,140.05,3/13/2020 16:56:00,79.49
3/16/2020 16:56:00,129.22,3/16/2020 16:56:00,68.4
3/17/2020 16:56:00,136.5,3/17/2020 16:56:00,71
3/18/2020 16:56:00,133.5,3/18/2020 16:56:00,65.01
3/19/2020 16:56:00,131.25,3/19/2020 16:56:00,65
3/20/2020 16:56:00,125,3/20/2020 16:56:00,64.77
3/23/2020 16:56:00,124,3/23/2020 16:56:00,61.14
3/24/2020 16:56:00,135,3/24/2020 16:56:00,67.4
3/25/2020 16:56:00,134.15,3/25/2020 16:56:00,71.73
3/26/2020 16:56:00,141.15,3/26/2020 16:56:00,74.57
3/27/2020 16:56:00,139.4,3/27/2020 16:56:00,70.22
3/30/2020 16:56:00,146,3/30/2020 16:56:00,71.97
3/31/2020 16:56:00,144.62,3/31/2020 16:56:00,69.35
4/1/2020 16:56:00,140.5,4/1/2020 16:56:00,68.18
4/2/2020 16:56:00,143.5,4/2/2020 16:56:00,69.63
4/3/2020 16:56:00,143.5,4/3/2020 16:56:00,66.9
4/6/2020 16:56:00,150.8,4/6/2020 16:56:00,71.57
4/7/2020 16:56:00,149.65,4/7/2020 16:56:00,73.51
4/8/2020 16:56:00,151.8,4/8/2020 16:56:00,75.73
4/9/2020 16:56:00,152.72,4/9/2020 16:56:00,74.87
4/13/2020 16:56:00,153.98,4/13/2020 16:56:00,75.96
4/14/2020 16:56:00,158.55,4/14/2020 16:56:00,76.85
4/15/2020 16:56:00,157.05,4/15/2020 16:56:00,76.05
4/16/2020 16:56:00,160.85,4/16/2020 16:56:00,74.93
4/17/2020 16:56:00,162.1,4/17/2020 16:56:00,76
4/20/2020 16:56:00,161.2,4/20/2020 16:56:00,75.66
4/22/2020 16:56:00,163.1,4/22/2020 16:56:00,77.7
4/23/2020 16:56:00,166.52,4/23/2020 16:56:00,76.65
4/24/2020 16:56:00,172.65,4/24/2020 16:56:00,72.41
4/27/2020 16:56:00,174.97,4/27/2020 16:56:00,75.29
4/28/2020 16:56:00,170.15,4/28/2020 16:56:00,78.3
4/29/2020 16:56:00,168.8,4/29/2020 16:56:00,80.18
4/30/2020 16:56:00,170.5,4/30/2020 16:56:00,77.21
5/4/2020 16:56:00,169.2,5/4/2020 16:56:00,76.1
5/5/2020 16:56:00,172.24,5/5/2020 16:56:00,76.54
5/6/2020 16:56:00,174.65,5/6/2020 16:56:00,76.2
5/7/2020 16:56:00,183,5/7/2020 16:56:00,75.4
5/8/2020 16:56:00,180.75,5/8/2020 16:56:00,77.43
5/11/2020 16:56:00,183.4,5/11/2020 16:56:00,76.14
5/12/2020 16:56:00,181.2,5/12/2020 16:56:00,75
5/13/2020 16:56:00,179.1,5/13/2020 16:56:00,75.15
5/14/2020 16:56:00,178.12,5/14/2020 16:56:00,76.25
5/15/2020 16:56:00,180,5/15/2020 16:56:00,74.56
5/18/2020 16:56:00,182.07,5/18/2020 16:56:00,78.03
5/19/2020 16:56:00,184,5/19/2020 16:56:00,77.65
5/20/2020 16:56:00,182.2,5/20/2020 16:56:00,78.45
5/21/2020 16:56:00,176.85,5/21/2020 16:56:00,79.97
5/22/2020 16:56:00,176.75,5/22/2020 16:56:00,79.94
5/25/2020 16:56:00,176,5/25/2020 16:56:00,82.6
5/26/2020 16:56:00,172.15,5/26/2020 16:56:00,82.45
5/27/2020 16:56:00,172.9,5/27/2020 16:56:00,84.68
5/28/2020 16:56:00,175.9,5/28/2020 16:56:00,83.65
5/29/2020 16:56:00,175.65,5/29/2020 16:56:00,84.15
6/1/2020 16:56:00,177.15,6/1/2020 16:56:00,85.33
6/2/2020 16:56:00,173.5,6/2/2020 16:56:00,87.78
6/3/2020 16:56:00,171.3,6/3/2020 16:56:00,89.37
6/4/2020 16:56:00,171.98,6/4/2020 16:56:00,90.31
6/5/2020 16:56:00,170.9,6/5/2020 16:56:00,91.05
6/8/2020 16:56:00,169,6/8/2020 16:56:00,93.95
6/9/2020 16:56:00,169.15,6/9/2020 16:56:00,92.95
6/10/2020 16:56:00,170.51,6/10/2020 16:56:00,91.17
6/12/2020 16:56:00,165.8,6/12/2020 16:56:00,89.25
6/15/2020 16:56:00,169.8,6/15/2020 16:56:00,89.07
6/16/2020 16:56:00,176.2,6/16/2020 16:56:00,90
6/17/2020 16:56:00,176.25,6/17/2020 16:56:00,91.95
6/18/2020 16:56:00,180.45,6/18/2020 16:56:00,92.63
6/19/2020 16:56:00,177.3,6/19/2020 16:56:00,92.64
6/22/2020 16:56:00,176.75,6/22/2020 16:56:00,91.75
6/23/2020 16:56:00,174.1,6/23/2020 16:56:00,92.26
6/24/2020 16:56:00,175.21,6/24/2020 16:56:00,90.77
6/25/2020 16:56:00,177.05,6/25/2020 16:56:00,92.39
6/26/2020 16:56:00,177.3,6/26/2020 16:56:00,90.22
6/29/2020 16:56:00,178.31,6/29/2020 16:56:00,92.3
6/30/2020 16:56:00,181.72,6/30/2020 16:56:00,91.62
7/1/2020 16:56:00,177.99,7/1/2020 16:56:00,92.68
7/2/2020 16:56:00,181.24,7/2/2020 16:56:00,92.5
7/3/2020 16:56:00,182,7/3/2020 16:56:00,93.19
7/6/2020 16:56:00,183.45,7/6/2020 16:56:00,95.31
7/7/2020 16:56:00,182.6,7/7/2020 16:56:00,94.1
7/8/2020 16:56:00,182.8,7/8/2020 16:56:00,96.1
7/10/2020 16:56:00,182.8,7/10/2020 16:56:00,96.34
7/13/2020 16:56:00,183.37,7/13/2020 16:56:00,95.05
7/14/2020 16:56:00,184.85,7/14/2020 16:56:00,96.6
7/15/2020 16:56:00,187.7,7/15/2020 16:56:00,98.03
7/16/2020 16:56:00,184.5,7/16/2020 16:56:00,96.82
7/17/2020 16:56:00,187.25,7/17/2020 16:56:00,99.13
7/20/2020 16:56:00,187.61,7/20/2020 16:56:00,100.5
7/21/2020 16:56:00,183.2,7/21/2020 16:56:00,100.29
7/22/2020 16:56:00,180.35,7/22/2020 16:56:00,100.38
7/23/2020 16:56:00,182.12,7/23/2020 16:56:00,98.4
7/24/2020 16:56:00,180.68,7/24/2020 16:56:00,98.59
7/27/2020 16:56:00,179.7,7/27/2020 16:56:00,100.46
7/28/2020 16:56:00,179.25,7/28/2020 16:56:00,100.05
7/29/2020 16:56:00,182.22,7/29/2020 16:56:00,101.48
7/30/2020 16:56:00,180.8,7/30/2020 16:56:00,101.31
7/31/2020 16:56:00,183.68,7/31/2020 16:56:00,99.29
8/3/2020 16:56:00,188.9,8/3/2020 16:56:00,99.2
8/4/2020 16:56:00,188.05,8/4/2020 16:56:00,97.6
8/5/2020 16:56:00,189.84,8/5/2020 16:56:00,98.99
8/6/2020 16:56:00,192.4,8/6/2020 16:56:00,100.17
8/7/2020 16:56:00,196.75,8/7/2020 16:56:00,98.83
8/10/2020 16:56:00,198.39,8/10/2020 16:56:00,99.54
8/11/2020 16:56:00,194.8,8/11/2020 16:56:00,98.2
8/12/2020 16:56:00,198.4,8/12/2020 16:56:00,98.33
8/13/2020 16:56:00,196,8/13/2020 16:56:00,96.51
8/14/2020 16:56:00,197.8,8/14/2020 16:56:00,97.47
8/17/2020 16:56:00,201.1,8/17/2020 16:56:00,95.83
8/18/2020 16:56:00,200.34,8/18/2020 16:56:00,98.25
8/19/2020 16:56:00,202.35,8/19/2020 16:56:00,97
8/20/2020 16:56:00,203,8/20/2020 16:56:00,97.67
8/21/2020 16:56:00,207,8/21/2020 16:56:00,97.6
8/24/2020 16:56:00,207.3,8/24/2020 16:56:00,98.5
8/25/2020 16:56:00,205.39,8/25/2020 16:56:00,98.35
8/26/2020 16:56:00,211,8/26/2020 16:56:00,96.63
8/27/2020 16:56:00,210.2,8/27/2020 16:56:00,96.87
8/28/2020 16:56:00,205.2,8/28/2020 16:56:00,98.3
8/31/2020 16:56:00,207.15,8/31/2020 16:56:00,95.7
9/1/2020 16:56:00,205,9/1/2020 16:56:00,98.35
9/2/2020 16:56:00,206.61,9/2/2020 16:56:00,98.15
9/3/2020 16:56:00,198.01,9/3/2020 16:56:00,96.96
9/4/2020 16:56:00,195.6,9/4/2020 16:56:00,97.42
9/8/2020 16:56:00,192.46,9/8/2020 16:56:00,96.8
9/9/2020 16:56:00,194.5,9/9/2020 16:56:00,97.5
9/10/2020 16:56:00,192.4,9/10/2020 16:56:00,95.04
9/11/2020 16:56:00,192.5,9/11/2020 16:56:00,94.48
9/14/2020 16:56:00,192.4,9/14/2020 16:56:00,96.51
9/15/2020 16:56:00,193.5,9/15/2020 16:56:00,96.46
9/16/2020 16:56:00,192,9/16/2020 16:56:00,95.91
9/17/2020 16:56:00,190.4,9/17/2020 16:56:00,96.37
9/18/2020 16:56:00,193.8,9/18/2020 16:56:00,94.64
9/21/2020 16:56:00,191.03,9/21/2020 16:56:00,93.4
9/22/2020 16:56:00,195.8,9/22/2020 16:56:00,93.67
9/23/2020 16:56:00,196.02,9/23/2020 16:56:00,92.17
9/24/2020 16:56:00,193.02,9/24/2020 16:56:00,93.3
9/25/2020 16:56:00,198,9/25/2020 16:56:00,93.5
9/28/2020 16:56:00,204.5,9/28/2020 16:56:00,91.2
9/29/2020 16:56:00,207.7,9/29/2020 16:56:00,89.92
9/30/2020 16:56:00,203.98,9/30/2020 16:56:00,91.05
10/1/2020 16:56:00,206.8,10/1/2020 16:56:00,91.91
10/2/2020 16:56:00,205.4,10/2/2020 16:56:00,90.11
10/5/2020 16:56:00,205.02,10/5/2020 16:56:00,92.64
10/6/2020 16:56:00,203.45,10/6/2020 16:56:00,92.03
10/7/2020 16:56:00,207.61,10/7/2020 16:56:00,91.95
10/8/2020 16:56:00,208,10/8/2020 16:56:00,94.27
10/9/2020 16:56:00,207.2,10/9/2020 16:56:00,93.65
10/13/2020 16:56:00,212.4,10/13/2020 16:56:00,94.8
10/14/2020 16:56:00,211.27,10/14/2020 16:56:00,95.59
10/15/2020 16:56:00,211.92,10/15/2020 16:56:00,95.34
10/16/2020 16:56:00,212.61,10/16/2020 16:56:00,94.54
10/19/2020 16:56:00,207.86,10/19/2020 16:56:00,95
10/20/2020 16:56:00,208.68,10/20/2020 16:56:00,96.67
10/21/2020 16:56:00,208.3,10/21/2020 16:56:00,96.65
10/22/2020 16:56:00,209.2,10/22/2020 16:56:00,98.06
10/23/2020 16:56:00,210.5,10/23/2020 16:56:00,97.44
10/26/2020 16:56:00,206.94,10/26/2020 16:56:00,97.23
10/27/2020 16:56:00,208.6,10/27/2020 16:56:00,95.68
10/28/2020 16:56:00,204,10/28/2020 16:56:00,91.56
10/29/2020 16:56:00,206.5,10/29/2020 16:56:00,92.8
10/30/2020 16:56:00,202.6,10/30/2020 16:56:00,90.66
11/3/2020 16:56:00,210,11/3/2020 16:56:00,92.26
11/4/2020 16:56:00,211,11/4/2020 16:56:00,94.16
11/5/2020 16:56:00,210.5,11/5/2020 16:56:00,96.95
11/6/2020 16:56:00,204.3,11/6/2020 16:56:00,97.19
11/9/2020 16:56:00,206.2,11/9/2020 16:56:00,99.5
11/10/2020 16:56:00,208.1,11/10/2020 16:56:00,101
11/11/2020 16:56:00,210,11/11/2020 16:56:00,100.89
11/12/2020 16:56:00,209.5,11/12/2020 16:56:00,98.7
11/13/2020 16:56:00,212.5,11/13/2020 16:56:00,100.83
11/16/2020 16:56:00,213.4,11/16/2020 16:56:00,102.51
11/17/2020 16:56:00,211.01,11/17/2020 16:56:00,103.1
11/18/2020 16:56:00,206.92,11/18/2020 16:56:00,101.92
11/19/2020 16:56:00,205.1,11/19/2020 16:56:00,102.73
11/20/2020 16:56:00,206.91,11/20/2020 16:56:00,102.03
11/23/2020 16:56:00,211,11/23/2020 16:56:00,103.28
11/24/2020 16:56:00,211.49,11/24/2020 16:56:00,105.72
11/25/2020 16:56:00,209,11/25/2020 16:56:00,105.83
11/26/2020 16:56:00,208.5,11/26/2020 16:56:00,106.02
11/27/2020 16:56:00,211,11/27/2020 16:56:00,106.44
11/30/2020 16:56:00,210,11/30/2020 16:56:00,105
12/1/2020 16:56:00,207,12/1/2020 16:56:00,107.05
12/2/2020 16:56:00,207.35,12/2/2020 16:56:00,107.75
12/3/2020 16:56:00,205,12/3/2020 16:56:00,108.15
12/4/2020 16:56:00,205.9,12/4/2020 16:56:00,109.43
12/7/2020 16:56:00,203.6,12/7/2020 16:56:00,109.31
12/8/2020 16:56:00,205.4,12/8/2020 16:56:00,109.44
12/9/2020 16:56:00,204.7,12/9/2020 16:56:00,108.77
12/10/2020 16:56:00,199.8,12/10/2020 16:56:00,110.7
12/11/2020 16:56:00,200.65,12/11/2020 16:56:00,110.79
12/14/2020 16:56:00,201.2,12/14/2020 16:56:00,110.2
12/15/2020 16:56:00,203.2,12/15/2020 16:56:00,111.76
12/16/2020 16:56:00,203.3,12/16/2020 16:56:00,113.35
12/17/2020 16:56:00,203,12/17/2020 16:56:00,113.99
12/18/2020 16:56:00,203.05,12/18/2020 16:56:00,113.5
12/21/2020 16:56:00,204.4,12/21/2020 16:56:00,111.43
12/22/2020 16:56:00,205.01,12/22/2020 16:56:00,112.25
12/23/2020 16:56:00,207.32,12/23/2020 16:56:00,113.14
12/28/2020 16:56:00,211.5,12/28/2020 16:56:00,114.7
12/29/2020 16:56:00,210,12/29/2020 16:56:00,114.97
12/30/2020 16:56:00,210.04,12/30/2020 16:56:00,114.65
1/4/2021 16:56:00,210.8,1/4/2021 16:56:00,114.09
1/5/2021 16:56:00,212.9,1/5/2021 16:56:00,114.69
1/6/2021 16:56:00,215.02,1/6/2021 16:56:00,115.55
1/7/2021 16:56:00,222.35,1/7/2021 16:56:00,118.37
1/8/2021 16:56:00,224,1/8/2021 16:56:00,120.4
1/11/2021 16:56:00,226.5,1/11/2021 16:56:00,118.62
1/12/2021 19:30:00,219,1/12/2021 19:30:00,119.45
1/13/2021 16:56:00,218.5,1/13/2021 16:56:00,117.36
1/14/2021 16:56:00,214.02,1/14/2021 16:56:00,118.68
1/15/2021 16:56:00,215.4,1/15/2021 16:56:00,115.78
1/18/2021 16:56:00,215.14,1/18/2021 16:56:00,116.54
1/19/2021 16:56:00,220.24,1/19/2021 16:56:00,116
1/20/2021 16:56:00,221.35,1/20/2021 16:56:00,115.24
1/21/2021 16:56:00,223.83,1/21/2021 16:56:00,113.81
1/22/2021 16:56:00,226.9,1/22/2021 16:56:00,113.18
1/26/2021 16:56:00,223.68,1/26/2021 16:56:00,112.08
1/27/2021 16:56:00,219.67,1/27/2021 16:56:00,111.53
1/28/2021 16:56:00,223.5,1/28/2021 16:56:00,114.51
1/29/2021 16:56:00,220,1/29/2021 16:56:00,110.56
2/1/2021 16:56:00,221.3,2/1/2021 16:56:00,113.06
2/2/2021 16:56:00,222.23,2/2/2021 16:56:00,113.85
2/3/2021 16:56:00,223,2/3/2021 16:56:00,115.25
2/4/2021 16:56:00,227.6,2/4/2021 16:56:00,114.62
2/5/2021 16:56:00,226.5,2/5/2021 16:56:00,115.82
2/8/2021 16:56:00,227,2/8/2021 16:56:00,115.18
2/9/2021 16:56:00,228,2/9/2021 16:56:00,114.91
2/10/2021 16:56:00,228.3,2/10/2021 16:56:00,113.92
2/11/2021 16:56:00,228.48,2/11/2021 16:56:00,114.9
2/12/2021 16:56:00,229.4,2/12/2021 16:56:00,115.05
2/17/2021 16:56:00,230,2/17/2021 16:56:00,115.86
2/18/2021 16:56:00,229.8,2/18/2021 16:56:00,114.61
2/19/2021 16:56:00,228,2/19/2021 16:56:00,113.82
2/22/2021 16:56:00,229.5,2/22/2021 16:56:00,108.25
2/23/2021 16:56:00,228,2/23/2021 16:56:00,110.76
2/24/2021 16:56:00,230.75,2/24/2021 16:56:00,111.46
2/25/2021 16:56:00,229.03,2/25/2021 16:56:00,108.09
2/26/2021 16:56:00,231,2/26/2021 16:56:00,105.59
3/1/2021 16:56:00,238.8,3/1/2021 16:56:00,105.94
3/2/2021 16:56:00,238.4,3/2/2021 16:56:00,107.5
3/3/2021 16:56:00,232.1,3/3/2021 16:56:00,107.16
3/4/2021 16:56:00,231.3,3/4/2021 16:56:00,108.57
3/5/2021 16:56:00,237,3/5/2021 16:56:00,110.93
3/8/2021 16:56:00,243.25,3/8/2021 16:56:00,105.35
3/9/2021 16:56:00,244.25,3/9/2021 16:56:00,107.19
3/10/2021 16:56:00,240.68,3/10/2021 16:56:00,108.63
3/11/2021 16:56:00,236.95,3/11/2021 16:56:00,110.45
3/12/2021 19:30:00,237.2,3/12/2021 19:30:00,109.68
3/15/2021 16:56:00,242,3/15/2021 16:56:00,110.66
3/16/2021 16:56:00,241.95,3/16/2021 16:56:00,109.69
3/17/2021 16:56:00,241.9,3/17/2021 16:56:00,112.05
3/18/2021 16:56:00,236.9,3/18/2021 16:56:00,110.5
3/19/2021 16:56:00,232.2,3/19/2021 16:56:00,111.7
3/22/2021 16:56:00,236.25,3/22/2021 16:56:00,110.69
3/23/2021 16:56:00,234.58,3/23/2021 16:56:00,109.02
3/24/2021 16:56:00,237,3/24/2021 16:56:00,107.87
3/25/2021 16:56:00,240.71,3/25/2021 16:56:00,109.38
3/26/2021 16:56:00,246.8,3/26/2021 16:56:00,110.28
3/29/2021 16:56:00,247.87,3/29/2021 16:56:00,110.96
3/30/2021 16:56:00,247.5,3/30/2021 16:56:00,112.43
3/31/2021 16:56:00,243.2,3/31/2021 16:56:00,112.02
4/1/2021 16:56:00,249.4,4/1/2021 16:56:00,110.68
4/5/2021 16:56:00,251.5,4/5/2021 16:56:00,113.21
4/6/2021 16:56:00,247.99,4/6/2021 16:56:00,113.27
4/7/2021 16:56:00,250.25,4/7/2021 16:56:00,113.18
4/8/2021 16:56:00,248.5,4/8/2021 16:56:00,113.75
4/9/2021 16:56:00,254,4/9/2021 16:56:00,113.01
4/12/2021 19:30:00,256.54,4/12/2021 19:30:00,114.4
4/13/2021 16:56:00,257.2,4/13/2021 16:56:00,114.67
4/14/2021 16:56:00,254.29,4/14/2021 16:56:00,115.6
4/15/2021 16:56:00,254.95,4/15/2021 16:56:00,116.2
4/16/2021 16:56:00,255,4/16/2021 16:56:00,116.46
4/19/2021 16:56:00,251.65,4/19/2021 16:56:00,116.34
4/20/2021 16:56:00,249.8,4/20/2021 16:56:00,115.48
4/22/2021 16:56:00,245.28,4/22/2021 16:56:00,114.95
4/23/2021 16:56:00,249,4/23/2021 16:56:00,115.97
4/26/2021 16:56:00,247.5,4/26/2021 16:56:00,115.95
4/27/2021 16:56:00,248.5,4/27/2021 16:56:00,114.78
4/28/2021 16:56:00,244,4/28/2021 16:56:00,116.4
4/29/2021 16:56:00,244.5,4/29/2021 16:56:00,115.32
4/30/2021 16:56:00,247,4/30/2021 16:56:00,114.4
5/3/2021 16:56:00,247.39,5/3/2021 16:56:00,114.68
5/4/2021 16:56:00,246.2,5/4/2021 16:56:00,113.27
5/5/2021 16:56:00,242.5,5/5/2021 16:56:00,115.15
5/6/2021 16:56:00,241.2,5/6/2021 16:56:00,115.43
5/7/2021 16:56:00,240.36,5/7/2021 16:56:00,117.46
5/10/2021 16:56:00,237.5,5/10/2021 16:56:00,117.14
5/11/2021 16:56:00,235.9,5/11/2021 16:56:00,118.13
5/12/2021 16:56:00,235,5/12/2021 16:56:00,115.27
5/13/2021 16:56:00,236.35,5/13/2021 16:56:00,116.04
5/14/2021 16:56:00,239,5/14/2021 16:56:00,117.24
5/17/2021 16:56:00,238.9,5/17/2021 16:56:00,118.31
5/18/2021 16:56:00,235.85,5/18/2021 16:56:00,118.19
5/19/2021 16:56:00,237.5,5/19/2021 16:56:00,118.01
5/20/2021 16:56:00,238,5/20/2021 16:56:00,117.91
5/21/2021 16:56:00,242,5/21/2021 16:56:00,118.01
5/24/2021 16:56:00,242.5,5/24/2021 16:56:00,119.26
5/25/2021 16:56:00,242.43,5/25/2021 16:56:00,118.4
5/26/2021 16:56:00,241.5,5/26/2021 16:56:00,119.24
5/27/2021 16:56:00,240.6,5/27/2021 16:56:00,119.59
5/28/2021 16:56:00,238.9,5/28/2021 16:56:00,120.72
5/31/2021 16:56:00,238,5/31/2021 16:56:00,121.25
6/1/2021 16:56:00,234.5,6/1/2021 16:56:00,123.33
6/2/2021 16:56:00,232.9,6/2/2021 16:56:00,124.67
6/4/2021 16:56:00,231.71,6/4/2021 16:56:00,125.05
6/7/2021 16:56:00,231.46,6/7/2021 16:56:00,125.75
6/8/2021 16:56:00,231.47,6/8/2021 16:56:00,124.71
6/9/2021 16:56:00,232,6/9/2021 16:56:00,124.88
6/10/2021 16:56:00,234.1,6/10/2021 16:56:00,125
6/11/2021 16:56:00,237.4,6/11/2021 16:56:00,124.48
6/14/2021 16:56:00,234.9,6/14/2021 16:56:00,125.15
6/15/2021 16:56:00,232.9,6/15/2021 16:56:00,125.18
6/16/2021 16:56:00,232.8,6/16/2021 16:56:00,124.22
6/17/2021 16:56:00,230.2,6/17/2021 16:56:00,123.09
6/18/2021 16:56:00,229.4,6/18/2021 16:56:00,123.27
6/21/2021 16:56:00,230,6/21/2021 16:56:00,124.23
6/22/2021 16:56:00,229.99,6/22/2021 16:56:00,123.82
6/23/2021 16:56:00,228,6/23/2021 16:56:00,123.54
6/24/2021 16:56:00,226.7,6/24/2021 16:56:00,124.53
6/25/2021 16:56:00,228.6,6/25/2021 16:56:00,122.5
6/28/2021 16:56:00,229.7,6/28/2021 16:56:00,122.45
6/29/2021 16:56:00,229.7,6/29/2021 16:56:00,122.31
6/30/2021 16:56:00,232.5,6/30/2021 16:56:00,121.81
7/1/2021 16:56:00,236.2,7/1/2021 16:56:00,120.73
7/2/2021 16:56:00,238.1,7/2/2021 16:56:00,122.78
7/5/2021 16:56:00,239.2,7/5/2021 16:56:00,121.97
7/6/2021 16:56:00,245.2,7/6/2021 16:56:00,120.3
7/7/2021 16:56:00,248.95,7/7/2021 16:56:00,122.28
7/8/2021 16:56:00,247,7/8/2021 16:56:00,120.66
7/12/2021 19:30:00,247,7/12/2021 19:30:00,122.78
7/13/2021 16:56:00,246.5,7/13/2021 16:56:00,123.32
7/14/2021 16:56:00,242.21,7/14/2021 16:56:00,123.47
7/15/2021 16:56:00,242.3,7/15/2021 16:56:00,122.8
7/16/2021 16:56:00,241.4,7/16/2021 16:56:00,121.15
7/19/2021 16:56:00,242.3,7/19/2021 16:56:00,119.74
7/20/2021 16:56:00,246.39,7/20/2021 16:56:00,120.6
7/21/2021 16:56:00,246.35,7/21/2021 16:56:00,121.12
7/22/2021 16:56:00,248.87,7/22/2021 16:56:00,121.43
7/23/2021 16:56:00,249.65,7/23/2021 16:56:00,120.2
7/26/2021 16:56:00,248.98,7/26/2021 16:56:00,121.2
7/27/2021 16:56:00,248.9,7/27/2021 16:56:00,119.76
7/28/2021 16:56:00,244.67,7/28/2021 16:56:00,121.45
7/29/2021 16:56:00,244.5,7/29/2021 16:56:00,120.73
7/30/2021 16:56:00,250.35,7/30/2021 16:56:00,117.11
8/2/2021 16:56:00,249,8/2/2021 16:56:00,117.6
8/3/2021 16:56:00,249.8,8/3/2021 16:56:00,118.73
8/4/2021 16:56:00,248.73,8/4/2021 16:56:00,116.96
8/5/2021 16:56:00,251.3,8/5/2021 16:56:00,116.93
8/6/2021 16:56:00,253.5,8/6/2021 16:56:00,118.24
8/9/2021 16:56:00,252.73,8/9/2021 16:56:00,118.14
8/10/2021 16:56:00,250.8,8/10/2021 16:56:00,117.57
8/11/2021 16:56:00,253.1,8/11/2021 16:56:00,117.26
8/12/2021 19:30:00,254.9,8/12/2021 19:30:00,115.87
8/13/2021 16:56:00,254.89,8/13/2021 16:56:00,116.56
8/16/2021 16:56:00,257,8/16/2021 16:56:00,114.63
8/17/2021 16:56:00,254.55,8/17/2021 16:56:00,113.35
8/18/2021 16:56:00,256.5,8/18/2021 16:56:00,112.06
8/19/2021 16:56:00,260.39,8/19/2021 16:56:00,112.85
8/20/2021 16:56:00,259.79,8/20/2021 16:56:00,113.65
8/23/2021 16:56:00,263.09,8/23/2021 16:56:00,113.05
8/24/2021 16:56:00,257.65,8/24/2021 16:56:00,115.63
8/25/2021 16:56:00,254.7,8/25/2021 16:56:00,116.14
8/26/2021 16:56:00,255.46,8/26/2021 16:56:00,114.07
8/27/2021 16:56:00,255.45,8/27/2021 16:56:00,116.18
8/30/2021 16:56:00,256,8/30/2021 16:56:00,115.08
8/31/2021 16:56:00,254,8/31/2021 16:56:00,114.08
9/1/2021 16:56:00,256.49,9/1/2021 16:56:00,114.8
9/2/2021 16:56:00,255.2,9/2/2021 16:56:00,112.15
9/3/2021 16:56:00,256.5,9/3/2021 16:56:00,112.09
9/6/2021 16:56:00,256.25,9/6/2021 16:56:00,113.48
9/8/2021 16:56:00,261.5,9/8/2021 16:56:00,109.08
9/9/2021 16:56:00,256,9/9/2021 16:56:00,111.51
9/10/2021 16:56:00,256,9/10/2021 16:56:00,109.88
9/13/2021 16:56:00,252.85,9/13/2021 16:56:00,112.12
9/14/2021 16:56:00,254,9/14/2021 16:56:00,111.7
9/15/2021 16:56:00,255.65,9/15/2021 16:56:00,110.68
9/16/2021 16:56:00,256.35,9/16/2021 16:56:00,109.44
9/17/2021 16:56:00,254.52,9/17/2021 16:56:00,107.14
9/20/2021 16:56:00,252.43,9/20/2021 16:56:00,104.77
9/21/2021 16:56:00,249.92,9/21/2021 16:56:00,105.77
9/22/2021 16:56:00,253.01,9/22/2021 16:56:00,107.99
9/23/2021 16:56:00,257.2,9/23/2021 16:56:00,109.6
9/24/2021 16:56:00,259,9/24/2021 16:56:00,109.03
9/27/2021 16:56:00,259.4,9/27/2021 16:56:00,108.89
9/28/2021 16:56:00,256.35,9/28/2021 16:56:00,105.83
9/29/2021 16:56:00,256.82,9/29/2021 16:56:00,106.83
9/30/2021 16:56:00,255,9/30/2021 16:56:00,106.49
10/1/2021 16:56:00,251.65,10/1/2021 16:56:00,108.49
10/4/2021 16:56:00,254.18,10/4/2021 16:56:00,106.18
10/5/2021 16:56:00,258.7,10/5/2021 16:56:00,106.12
10/6/2021 16:56:00,260.04,10/6/2021 16:56:00,106.37
10/7/2021 16:56:00,263.7,10/7/2021 16:56:00,106.42
10/8/2021 16:56:00,263.01,10/8/2021 16:56:00,108.39
10/11/2021 16:56:00,263.55,10/11/2021 16:56:00,107.75
10/13/2021 16:56:00,261.56,10/13/2021 16:56:00,109.24
10/14/2021 16:56:00,265.72,10/14/2021 16:56:00,108.97
10/15/2021 16:56:00,266,10/15/2021 16:56:00,110.22
10/18/2021 16:56:00,269.8,10/18/2021 16:56:00,109.95
10/19/2021 16:56:00,274.01,10/19/2021 16:56:00,106.8
10/20/2021 16:56:00,274.2,10/20/2021 16:56:00,106.73
10/21/2021 16:56:00,280,10/21/2021 16:56:00,103.65
10/22/2021 16:56:00,278.88,10/22/2021 16:56:00,102.33
10/25/2021 16:56:00,276.5,10/25/2021 16:56:00,104.55
10/26/2021 16:56:00,277.98,10/26/2021 16:56:00,102.25
10/27/2021 16:56:00,275.2,10/27/2021 16:56:00,102.4
10/28/2021 16:56:00,281.9,10/28/2021 16:56:00,100.61
10/29/2021 16:56:00,283,10/29/2021 16:56:00,99.68
11/1/2021 16:56:00,284,11/1/2021 16:56:00,101.52
11/3/2021 16:56:00,283.3,11/3/2021 16:56:00,102
11/4/2021 16:56:00,285.9,11/4/2021 16:56:00,99.65
11/5/2021 16:56:00,282.95,11/5/2021 16:56:00,100.81
11/8/2021 16:56:00,283.97,11/8/2021 16:56:00,100.83
11/9/2021 16:56:00,280,11/9/2021 16:56:00,101.39
11/10/2021 16:56:00,278.46,11/10/2021 16:56:00,102.02
11/11/2021 16:56:00,273.9,11/11/2021 16:56:00,103.55
11/12/2021 19:30:00,278.12,11/12/2021 19:30:00,102.13
11/16/2021 16:56:00,281.01,11/16/2021 16:56:00,100.36
11/17/2021 16:56:00,282.96,11/17/2021 16:56:00,99.25
11/18/2021 16:56:00,284.68,11/18/2021 16:56:00,98.65
11/19/2021 19:30:00,286.41,11/19/2021 19:30:00,99.27
11/22/2021 19:30:00,285.69,11/22/2021 19:30:00,98.24
11/23/2021 19:30:00,285.45,11/23/2021 19:30:00,100
11/24/2021 19:30:00,286.21,11/24/2021 19:30:00,100.66
11/25/2021 19:30:00,285.5,11/25/2021 19:30:00,101.99
11/26/2021 19:30:00,279.15,11/26/2021 19:30:00,98.39
11/29/2021 19:30:00,284,11/29/2021 19:30:00,99.01
11/30/2021 18:00:00,280.55,11/30/2021 18:00:00,98.35
12/1/2021 16:56:00,279,12/1/2021 16:56:00,97.09
12/2/2021 16:56:00,281,12/2/2021 16:56:00,100.43
12/3/2021 16:56:00,279.1,12/3/2021 16:56:00,101.32
12/6/2021 16:56:00,284.02,12/6/2021 16:56:00,103
12/7/2021 16:56:00,287.09,12/7/2021 16:56:00,103.63
12/8/2021 16:56:00,284,12/8/2021 16:56:00,104.2
12/9/2021 16:56:00,283.12,12/9/2021 16:56:00,102.14
12/10/2021 16:56:00,287.22,12/10/2021 16:56:00,103.73
12/13/2021 18:00:00,288,12/13/2021 18:00:00,103.5
12/14/2021 18:00:00,286.67,12/14/2021 18:00:00,102.7
12/15/2021 18:00:00,290.88,12/15/2021 18:00:00,103.2
12/16/2021 18:00:00,290.35,12/16/2021 18:00:00,104.41
12/17/2021 18:00:00,286.74,12/17/2021 18:00:00,103.1
12/20/2021 18:00:00,286.23,12/20/2021 18:00:00,101
12/21/2021 18:00:00,291.3,12/21/2021 18:00:00,101.42
12/22/2021 18:00:00,290.22,12/22/2021 18:00:00,101.43
12/23/2021 18:00:00,292.59,12/23/2021 18:00:00,100.85
12/27/2021 18:00:00,294.56,12/27/2021 18:00:00,101.6
12/28/2021 18:00:00,294.03,12/28/2021 18:00:00,101.06
12/29/2021 18:00:00,297.75,12/29/2021 18:00:00,100.25
12/30/2021 18:00:00,293.56,12/30/2021 18:00:00,100.8
1/3/2022 16:56:00,297,1/3/2022 16:56:00,99.93
1/4/2022 16:56:00,296.55,1/4/2022 16:56:00,99.57
1/5/2022 16:56:00,293.6,1/5/2022 16:56:00,97.1
1/6/2022 16:56:00,291.3,1/6/2022 16:56:00,97.85
1/7/2022 16:56:00,287.95,1/7/2022 16:56:00,98.7
1/10/2022 16:56:00,288,1/10/2022 16:56:00,98.43
1/11/2022 16:56:00,286.9,1/11/2022 16:56:00,100.1
1/12/2022 16:56:00,285.32,1/12/2022 16:56:00,101.91
1/13/2022 16:56:00,282,1/13/2022 16:56:00,101.55
1/14/2022 16:56:00,280.3,1/14/2022 16:56:00,103.07
1/17/2022 16:56:00,281,1/17/2022 16:56:00,102.58
1/18/2022 16:56:00,277.94,1/18/2022 16:56:00,102.85
1/19/2022 16:56:00,269.8,1/19/2022 16:56:00,104.05
1/20/2022 16:56:00,265.3,1/20/2022 16:56:00,104.9
1/21/2022 16:56:00,261,1/21/2022 16:56:00,104.7
1/24/2022 16:56:00,262.3,1/24/2022 16:56:00,104.08
1/25/2022 16:56:00,258.8,1/25/2022 16:56:00,106.33
1/26/2022 16:56:00,256.6,1/26/2022 16:56:00,107.39
1/27/2022 16:56:00,254.05,1/27/2022 16:56:00,108.2
1/28/2022 16:56:00,259.05,1/28/2022 16:56:00,107.58
1/31/2022 16:56:00,260.4,1/31/2022 16:56:00,107.98
2/1/2022 16:56:00,260.01,2/1/2022 16:56:00,109.15
2/2/2022 16:56:00,262,2/2/2022 16:56:00,107.69
2/3/2022 16:56:00,260.5,2/3/2022 16:56:00,107.77
2/4/2022 16:56:00,260.2,2/4/2022 16:56:00,108.02
2/7/2022 16:56:00,257.8,2/7/2022 16:56:00,107.72
2/8/2022 16:56:00,260,2/8/2022 16:56:00,108.23
2/9/2022 16:56:00,262,2/9/2022 16:56:00,108.23
2/10/2022 16:56:00,258,2/10/2022 16:56:00,109.1
2/11/2022 16:56:00,253,2/11/2022 16:56:00,109.31
2/14/2022 16:56:00,250,2/14/2022 16:56:00,109.52
2/15/2022 16:56:00,251.4,2/15/2022 16:56:00,110.6
2/16/2022 16:56:00,249.74,2/16/2022 16:56:00,110.77
2/17/2022 16:56:00,246.71,2/17/2022 16:56:00,109.1
2/18/2022 16:56:00,243.4,2/18/2022 16:56:00,108.51
2/21/2022 16:56:00,237.5,2/21/2022 16:56:00,107.45
2/22/2022 16:56:00,236.4,2/22/2022 16:56:00,109
2/23/2022 16:56:00,232,2/23/2022 16:56:00,107.58
2/24/2022 16:56:00,238,2/24/2022 16:56:00,107.48
2/25/2022 16:56:00,245.5,2/25/2022 16:56:00,108.9
3/2/2022 16:56:00,243.6,3/2/2022 16:56:00,111.1
3/3/2022 16:56:00,239.4,3/3/2022 16:56:00,111.02
3/4/2022 16:56:00,239.1,3/4/2022 16:56:00,110.4
3/7/2022 16:56:00,234,3/7/2022 16:56:00,107.11
3/8/2022 16:56:00,230.4,3/8/2022 16:56:00,107.29
3/9/2022 16:56:00,234,3/9/2022 16:56:00,109.78
3/10/2022 16:56:00,233.4,3/10/2022 16:56:00,109.4
3/11/2022 16:56:00,233.35,3/11/2022 16:56:00,107.7
3/14/2022 16:56:00,234.4,3/14/2022 16:56:00,106.04
3/15/2022 16:56:00,240.15,3/15/2022 16:56:00,104.9
3/16/2022 16:56:00,243,3/16/2022 16:56:00,107.14
3/17/2022 16:56:00,242.6,3/17/2022 16:56:00,108.83
3/18/2022 16:56:00,244.5,3/18/2022 16:56:00,110.73
3/21/2022 16:56:00,241.35,3/21/2022 16:56:00,111.94
3/22/2022 16:56:00,242.65,3/22/2022 16:56:00,113.1
3/23/2022 16:56:00,235.8,3/23/2022 16:56:00,112.9
3/24/2022 16:56:00,237.5,3/24/2022 16:56:00,114.74
3/25/2022 16:56:00,235.45,3/25/2022 16:56:00,114.75
3/28/2022 16:56:00,238.3,3/28/2022 16:56:00,114.51
3/29/2022 16:56:00,240.65,3/29/2022 16:56:00,115.75
3/30/2022 16:56:00,240.56,3/30/2022 16:56:00,115.9
3/31/2022 16:56:00,235.65,3/31/2022 16:56:00,115.6
4/1/2022 16:56:00,231.99,4/1/2022 16:56:00,117.2
4/4/2022 16:56:00,230.88,4/4/2022 16:56:00,116.8
4/5/2022 16:56:00,230.5,4/5/2022 16:56:00,114.51
4/6/2022 16:56:00,231.5,4/6/2022 16:56:00,113.87
4/7/2022 16:56:00,233,4/7/2022 16:56:00,114.65
4/8/2022 16:56:00,231.03,4/8/2022 16:56:00,113.98
4/11/2022 16:56:00,226.1,4/11/2022 16:56:00,112.57
4/12/2022 16:56:00,224.5,4/12/2022 16:56:00,111.77
4/13/2022 16:56:00,227.4,4/13/2022 16:56:00,112.52
4/14/2022 16:56:00,225.2,4/14/2022 16:56:00,111.65
4/18/2022 16:56:00,223.51,4/18/2022 16:56:00,111.46
4/19/2022 16:56:00,227.15,4/19/2022 16:56:00,110.92
4/20/2022 16:56:00,225.5,4/20/2022 16:56:00,110.05
4/22/2022 16:56:00,224,4/22/2022 16:56:00,106.75
4/25/2022 16:56:00,228.47,4/25/2022 16:56:00,106.76
4/26/2022 16:56:00,227.4,4/26/2022 16:56:00,104.28
4/27/2022 16:56:00,227,4/27/2022 16:56:00,105.52
4/28/2022 16:56:00,232,4/28/2022 16:56:00,105.86
4/29/2022 16:56:00,224.1,4/29/2022 16:56:00,103.4
5/2/2022 16:56:00,230.2,5/2/2022 16:56:00,102.72
5/3/2022 16:56:00,226.75,5/3/2022 16:56:00,102.72
5/4/2022 16:56:00,231,5/4/2022 16:56:00,104.38
5/5/2022 16:56:00,228,5/5/2022 16:56:00,101.5
5/6/2022 16:56:00,229.15,5/6/2022 16:56:00,101.23
5/9/2022 16:56:00,225,5/9/2022 16:56:00,99.68
5/10/2022 16:56:00,224.5,5/10/2022 16:56:00,99.24
5/11/2022 16:56:00,221.75,5/11/2022 16:56:00,100.64
5/12/2022 16:56:00,220.62,5/12/2022 16:56:00,102.04
5/13/2022 16:56:00,222.25,5/13/2022 16:56:00,103.29
5/16/2022 16:56:00,221.94,5/16/2022 16:56:00,104.4
5/17/2022 16:56:00,221.86,5/17/2022 16:56:00,104.9
5/18/2022 16:56:00,214,5/18/2022 16:56:00,102.21
5/19/2022 16:56:00,211,5/19/2022 16:56:00,103.08
5/20/2022 16:56:00,208.89,5/20/2022 16:56:00,104.66
5/23/2022 16:56:00,209.69,5/23/2022 16:56:00,106.76
5/24/2022 16:56:00,209.95,5/24/2022 16:56:00,106.64
5/25/2022 16:56:00,210.2,5/25/2022 16:56:00,106.66
5/26/2022 16:56:00,211.75,5/26/2022 16:56:00,108.02
5/27/2022 16:56:00,216,5/27/2022 16:56:00,107.9
5/30/2022 16:56:00,216.39,5/30/2022 16:56:00,106.92
5/31/2022 16:56:00,214.5,5/31/2022 16:56:00,107.18
6/1/2022 16:56:00,216.25,6/1/2022 16:56:00,107.47
6/2/2022 16:56:00,219.35,6/2/2022 16:56:00,108.43
6/3/2022 16:56:00,215.35,6/3/2022 16:56:00,107.48
6/6/2022 16:56:00,216.75,6/6/2022 16:56:00,106.42
6/7/2022 16:56:00,222,6/7/2022 16:56:00,106.15
6/8/2022 16:56:00,220.9,6/8/2022 16:56:00,104.6
6/9/2022 16:56:00,218,6/9/2022 16:56:00,103.68
6/10/2022 16:56:00,212.75,6/10/2022 16:56:00,101.82
6/13/2022 16:56:00,210,6/13/2022 16:56:00,99.12
6/14/2022 16:56:00,209.75,6/14/2022 16:56:00,98.36
6/15/2022 16:56:00,209,6/15/2022 16:56:00,99.38
6/17/2022 16:56:00,207.5,6/17/2022 16:56:00,96.21
6/20/2022 16:56:00,211,6/20/2022 16:56:00,96.29
6/21/2022 16:56:00,212.5,6/21/2022 16:56:00,96.4
6/22/2022 16:56:00,213.55,6/22/2022 16:56:00,96.03
6/23/2022 16:56:00,217.65,6/23/2022 16:56:00,94.66
6/24/2022 16:56:00,225.5,6/24/2022 16:56:00,95.47
6/27/2022 16:56:00,223.7,6/27/2022 16:56:00,97.35
6/28/2022 16:56:00,220.5,6/28/2022 16:56:00,97.05
6/29/2022 16:56:00,217.5,6/29/2022 16:56:00,96
6/30/2022 16:56:00,216.7,6/30/2022 16:56:00,95
7/1/2022 16:56:00,227,7/1/2022 16:56:00,95.63
7/4/2022 16:56:00,222.99,7/4/2022 16:56:00,95.2
7/5/2022 16:56:00,226.5,7/5/2022 16:56:00,94.8
7/6/2022 16:56:00,228.16,7/6/2022 16:56:00,95.42
7/7/2022 16:56:00,228.55,7/7/2022 16:56:00,97.38
7/8/2022 16:56:00,225.2,7/8/2022 16:56:00,96.88
7/11/2022 16:56:00,227,7/11/2022 16:56:00,94.8
7/12/2022 16:56:00,227.85,7/12/2022 16:56:00,94.9
7/13/2022 16:56:00,225.24,7/13/2022 16:56:00,94.51
7/14/2022 16:56:00,225.75,7/14/2022 16:56:00,92.55
7/15/2022 16:56:00,228.85,7/15/2022 16:56:00,93.27
7/18/2022 16:56:00,228.5,7/18/2022 16:56:00,93.37
7/19/2022 16:56:00,233.9,7/19/2022 16:56:00,94.7
7/20/2022 16:56:00,237.15,7/20/2022 16:56:00,94.95
7/21/2022 16:56:00,240.13,7/21/2022 16:56:00,95.35
7/22/2022 16:56:00,238.84,7/22/2022 16:56:00,95.42
7/25/2022 16:56:00,233.75,7/25/2022 16:56:00,96.75
7/26/2022 16:56:00,230.5,7/26/2022 16:56:00,96.15
7/27/2022 16:56:00,231.65,7/27/2022 16:56:00,97.83
7/28/2022 16:56:00,230.8,7/28/2022 16:56:00,99.1
7/29/2022 16:56:00,234.5,7/29/2022 16:56:00,99.3
8/1/2022 16:56:00,233.95,8/1/2022 16:56:00,98.56
8/2/2022 16:56:00,237,8/2/2022 16:56:00,99.53
8/3/2022 16:56:00,240.55,8/3/2022 16:56:00,100.2
8/4/2022 16:56:00,237.7,8/4/2022 16:56:00,102.48
8/5/2022 16:56:00,235,8/5/2022 16:56:00,102.74
8/8/2022 16:56:00,232.19,8/8/2022 16:56:00,104.8
8/9/2022 16:56:00,232.57,8/9/2022 16:56:00,105.05
8/10/2022 16:56:00,234.89,8/10/2022 16:56:00,106.56
8/11/2022 16:56:00,238.79,8/11/2022 16:56:00,105.88
8/12/2022 16:56:00,238.34,8/12/2022 16:56:00,108.64
8/15/2022 16:56:00,241,8/15/2022 16:56:00,108.97
8/16/2022 16:56:00,243.19,8/16/2022 16:56:00,109.76
8/17/2022 16:56:00,242.55,8/17/2022 16:56:00,109.99
8/18/2022 16:56:00,243.5,8/18/2022 16:56:00,109.94
8/19/2022 16:56:00,240.15,8/19/2022 16:56:00,107.53
8/22/2022 16:56:00,235.1,8/22/2022 16:56:00,106.73
8/23/2022 16:56:00,231.41,8/23/2022 16:56:00,109.1
8/24/2022 16:56:00,232.7,8/24/2022 16:56:00,109.18
8/25/2022 16:56:00,235.51,8/25/2022 16:56:00,109.6
8/26/2022 16:56:00,226,8/26/2022 16:56:00,108.36
8/29/2022 16:56:00,223,8/29/2022 16:56:00,108.4
8/30/2022 16:56:00,223.85,8/30/2022 16:56:00,106.4
8/31/2022 16:56:00,226,8/31/2022 16:56:00,105.83
9/1/2022 16:56:00,228.35,9/1/2022 16:56:00,106.59
9/2/2022 16:56:00,223.55,9/2/2022 16:56:00,107.09
9/5/2022 16:56:00,223,9/5/2022 16:56:00,108.45
9/6/2022 16:56:00,225,9/6/2022 16:56:00,105.95
9/8/2022 16:56:00,229.5,9/8/2022 16:56:00,106.18
9/9/2022 16:56:00,230.2,9/9/2022 16:56:00,108.4
9/12/2022 16:56:00,230,9/12/2022 16:56:00,109.44
9/13/2022 16:56:00,224.5,9/13/2022 16:56:00,106.98
9/14/2022 16:56:00,224.75,9/14/2022 16:56:00,106.75
9/15/2022 16:56:00,225,9/15/2022 16:56:00,106.11
9/16/2022 16:56:00,224.25,9/16/2022 16:56:00,105.6
9/19/2022 16:56:00,221.25,9/19/2022 16:56:00,108.22
9/20/2022 16:56:00,218.25,9/20/2022 16:56:00,108.85
9/21/2022 16:56:00,215.35,9/21/2022 16:56:00,108.16
9/22/2022 16:56:00,211.9,9/22/2022 16:56:00,110.13
9/23/2022 16:56:00,213.75,9/23/2022 16:56:00,107.84